DSSGraph Plot Output, Caption=(Device Locations / Power), X=(X), Y=(Y)
X1, Y1, X2, Y2, RGBColor, Width, StyleCode
2642350,1, 635881,96, 2642462,6, 636252,2, 0, 1, 3
2642844,2, 630053,66, 2642595,3, 629679,59, 0, 1, 3
2643052,1, 628989,98, 2643156,9, 629022,96, 0, 1, 1
2641642,2, 627650,99, 2641825,6, 627873,58, 0, 1, 1
2648124,3, 630261,33, 2648341,1, 630215,51, 0, 1, 3
2643026,1, 625561,72, 2643005,6, 625312,94, 0, 1, 1
2640882,4, 630321,08, 2641079,5, 630248, 0, 1, 3
2644925,4, 626404,19, 2644944,7, 626420,45, 0, 1, 3
2642982,6, 634267,08, 2642813,4, 634535,24, 0, 1, 3
2641513,2, 632142,87, 2641518,1, 632169,3, 0, 1, 1
2643373,8, 627457,66, 2643260, 627285,2, 0, 1, 1
2639178,5, 624995,79, 2639460,2, 625303,88, 0, 1, 1
2643897,1, 626264,6, 2643906,3, 626256,2, 0, 1, 3
2645901,2, 628585,47, 2647165,4, 629736,07, 0, 1, 3
2640564,8, 630686,1, 2640581,6, 630708, 0, 1, 3
2645866,8, 633299,6, 2645844,6, 633308,51, 0, 1, 3
2638556,7, 624520,06, 2638708,6, 624488,75, 0, 1, 1
2643003,8, 626460,32, 2642707,6, 626356,45, 0, 1, 3
2639086,2, 625101,66, 2639422,2, 625467,04, 0, 1, 1
2639733,2, 625477,26, 2639746,4, 625475,72, 0, 1, 1
2639405,2, 624843,58, 2639420,6, 624835,04, 0, 1, 3
2641153,3, 627810,7, 2640944,9, 627963,71, 0, 1, 3
2641547,5, 631828,09, 2641550,3, 631855,94, 0, 1, 1
2648055,6, 634630,04, 2648053,4, 634653,83, 0, 1, 3
2642274,2, 626071,8, 2641992,6, 626433,09, 0, 1, 3
2642808,6, 624771,8, 2642845,7, 624728,92, 0, 1, 1
2644805,6, 626574,93, 2644925,4, 626404,19, 0, 1, 1
2642268,3, 630380,44, 2642255,3, 630387,33, 0, 1, 1
2645320,2, 625861,08, 2645327,3, 625850,86, 0, 1, 1
2649636, 626346,87, 2650260,6, 626015,77, 0, 1, 3
2648374,5, 626817,45, 2648789,1, 626782,22, 0, 1, 3
2646472,8, 635548,01, 2646172,6, 635601,29, 0, 1, 3
2646413,9, 626409,35, 2646430, 626367,08, 0, 1, 3
2639513,1, 624185,8, 2639749,5, 624155,05, 0, 1, 3
2643088,7, 626480,32, 2643357,5, 626516,09, 0, 1, 1
2644730,1, 631027,13, 2645086,8, 630932,65, 0, 1, 3
2643850,6, 629123,34, 2643847,9, 629108,44, 0, 1, 1
2641426,5, 627648,26, 2641408,9, 627664,16, 0, 1, 3
2646945,3, 635156,86, 2646816,4, 635155,04, 0, 1, 3
2644613,1, 631855,07, 2643810,1, 632127,69, 0, 1, 3
2642982,1, 624992,95, 2643005,3, 625002,76, 0, 1, 3
2639420,6, 624835,04, 2639532,5, 624644,78, 0, 1, 3
2643045,6, 626475,81, 2643088,7, 626480,32, 0, 1, 1
2650886,7, 625560,61, 2650986,1, 625635,58, 0, 1, 3
2640133,9, 630268,63, 2639993,8, 630262,02, 0, 1, 3
2645525,5, 626560,38, 2645458,1, 626340, 0, 1, 3
2639759,2, 624338,94, 2639697,9, 624536,48, 0, 1, 3
2645299, 625815,42, 2645244,7, 625721,31, 0, 1, 3
2644568,2, 631075,16, 2644591,8, 631066,75, 0, 1, 3
2646139,7, 626272,74, 2646154,3, 626233,06, 0, 1, 3
2643069,4, 625726,35, 2643164,9, 625775,23, 0, 1, 3
2646284,7, 634019,79, 2645703,3, 634051,72, 0, 1, 3
2647413,2, 635166,94, 2647199,8, 635162,89, 0, 1, 3
2645866,8, 633299,6, 2645957,1, 633464,86, 0, 1, 1
2648797,3, 626774,24, 2649069,1, 626632,07, 0, 1, 3
2641409,9, 629992,69, 2641155,1, 629702,21, 0, 1, 3
2643321, 630652,54, 2643206,8, 630422,22, 0, 1, 3
2644647, 630870,69, 2644671,5, 630853,71, 0, 1, 3
2646154,3, 626233,06, 2646227,3, 626037,92, 0, 1, 3
2639568, 625608,37, 2639548,9, 625631,08, 0, 1, 3
2646064,4, 632654,94, 2646156,4, 632805,1, 0, 1, 1
2648732,2, 630168,57, 2649108,5, 630146,09, 0, 1, 3
2645288,2, 635652,6, 2645057,8, 635626,3, 0, 1, 3
2646755, 626552,5, 2647035,6, 626686,53, 0, 1, 1
2643037,8, 630785,64, 2642882,4, 630861,14, 0, 1, 3
2641178,7, 625162,14, 2641339,6, 625297,85, 0, 1, 3
2643805,4, 630084,24, 2643788,7, 630226,15, 0, 1, 3
2645972,4, 626195,56, 2646139,7, 626272,74, 0, 1, 1
2640115,8, 626224,51, 2640106,3, 626254,26, 0, 1, 3
2645571,9, 635691,56, 2645288,2, 635652,6, 0, 1, 3
2644568,2, 631075,16, 2644756,2, 631315,81, 0, 1, 1
2642887,1, 630063,47, 2642876,7, 630068,4, 0, 1, 1
2644763,1, 626560,91, 2644605,7, 626504,54, 0, 1, 3
2643056,8, 626315,21, 2643005, 626396,95, 0, 1, 1
2641050,9, 624761,93, 2641169,1, 624678, 0, 1, 3
2645381,9, 632850,93, 2645444,8, 632973,41, 0, 1, 3
2643419,8, 627614,76, 2643403,7, 627657,38, 0, 1, 3
2641825,6, 627873,58, 2641845,6, 627858,4, 0, 1, 1
2646643,2, 625291,09, 2646817,5, 625321,53, 0, 1, 3
2645053, 633602,49, 2644905,8, 633665,68, 0, 1, 3
2641193,3, 624753,07, 2641397,7, 624897,71, 0, 1, 3
2642756,4, 628801,28, 2642747,9, 628610,53, 0, 1, 1
2643580,9, 626575,53, 2643897,1, 626264,6, 0, 1, 3
2645623,2, 632807,87, 2645792,8, 632753,05, 0, 1, 1
2644516,7, 628196,96, 2645184,3, 628406,8, 0, 1, 3
2642692,8, 627292,39, 2642085,9, 627211,04, 0, 1, 3
2643063,4, 626304,67, 2643045,3, 626004,46, 0, 1, 1
2649103,5, 634967,31, 2649115,3, 634971,58, 0, 1, 1
2639070,1, 624363,43, 2639182,6, 624320,08, 0, 1, 1
2647127, 628199,93, 2647073,8, 628480,28, 0, 1, 3
2644096,6, 629671,02, 2644186,9, 629876,78, 0, 1, 3
2645957,1, 633464,86, 2646079,7, 633679,44, 0, 1, 1
2643725,4, 628386,67, 2643518,5, 628398,67, 0, 1, 3
2642666,3, 628375,47, 2642647,1, 628282,11, 0, 1, 1
2641168,7, 625150,36, 2641178,7, 625162,14, 0, 1, 3
2643702,5, 625372,05, 2643872,7, 625566,71, 0, 1, 3
2640901,2, 630555,87, 2640882,4, 630321,08, 0, 1, 3
2644844,8, 635542,58, 2644753,3, 635296,51, 0, 1, 3
2642299,8, 635338,64, 2642273,5, 635341,1, 0, 1, 3
2644036,7, 630279,53, 2644135,6, 630581,01, 0, 1, 1
2643561, 628979,96, 2643562,3, 628964,22, 0, 1, 3
2642441,2, 628743,64, 2642270,7, 628692,62, 0, 1, 1
2638895,6, 624889,26, 2639086,2, 625101,66, 0, 1, 1
2644016,8, 629506,31, 2644096,6, 629671,02, 0, 1, 3
2641609,1, 629698,81, 2641887,4, 629932,13, 0, 1, 3
2644998,9, 626300,83, 2644990,8, 626277,51, 0, 1, 3
2644057, 634061,93, 2643751, 633995,86, 0, 1, 3
2642887,1, 630063,47, 2642844,2, 630053,66, 0, 1, 3
2643156,9, 629022,96, 2643553,1, 629145,07, 0, 1, 1
2642331,9, 628402,02, 2642631,4, 628706,59, 0, 1, 1
2642247,6, 634450,86, 2641965,9, 634375,25, 0, 1, 3
2644008,7, 626736,16, 2644161,4, 626783,91, 0, 1, 1
2640949,6, 630130,56, 2640901,2, 630555,87, 0, 1, 3
2644819,5, 626222,85, 2644652,5, 626203,3, 0, 1, 3
2644057, 634061,93, 2643960,7, 634343,44, 0, 1, 3
2641434,6, 632094,6, 2641513,2, 632142,87, 0, 1, 1
2643434,1, 627587,69, 2643373,8, 627457,66, 0, 1, 1
2639468,1, 625315,25, 2639628, 625484,78, 0, 1, 1
2642279,1, 626083,28, 2642274,2, 626071,8, 0, 1, 3
2642948,2, 628958,74, 2643029,5, 628981,31, 0, 1, 1
2640748, 630867,13, 2640597, 630736,95, 0, 1, 3
2645844,6, 633308,51, 2645622, 633392,95, 0, 1, 3
2638283,5, 624498,33, 2638556,7, 624520,06, 0, 1, 1
2639884,3, 625967,51, 2639893,3, 625977,77, 0, 1, 1
2642670,7, 628386,98, 2642666,3, 628375,47, 0, 1, 1
2647490,4, 626874,42, 2647502,3, 626872,64, 0, 1, 1
2641781,5, 630510,2, 2641783,7, 630453,41, 0, 1, 3
2644161,4, 626783,91, 2644156,4, 626807,9, 0, 1, 3
2648053,4, 634653,83, 2648023,5, 634874,26, 0, 1, 3
2648789,1, 626782,22, 2649154,5, 626850,99, 0, 1, 3
2642910,2, 624893,12, 2642808,6, 624771,8, 0, 1, 1
2639182,6, 624320,08, 2639295,6, 624277,85, 0, 1, 1
2641856, 630578,86, 2641693,6, 630652,11, 0, 1, 1
2643063,4, 626304,67, 2643056,8, 626315,21, 0, 1, 1
2650260,6, 626015,77, 2650311,9, 626093,94, 0, 1, 3
2648010, 626842,42, 2648162,7, 627025,4, 0, 1, 3
2646472,8, 635548,01, 2646443,4, 635497,58, 0, 1, 3
2646659,2, 626511,2, 2646671, 626487,92, 0, 1, 3
2639761,8, 624151,95, 2639761,5, 624325,57, 0, 1, 3
2643556,9, 626604,41, 2643792,8, 626675,31, 0, 1, 1
2645703,3, 634051,72, 2645415,3, 634389,59, 0, 1, 3
2643545,9, 626598,41, 2643556,9, 626604,41, 0, 1, 1
2641408,9, 627664,16, 2641384,7, 627686,27, 0, 1, 3
2647493,9, 627551,11, 2647127, 628199,93, 0, 1, 3
2648729,1, 635049,81, 2648404,3, 635128,8, 0, 1, 3
2643005,3, 625002,76, 2643255,6, 625098,15, 0, 1, 3
2639275,9, 624899,07, 2639405,2, 624843,58, 0, 1, 3
2644050,4, 628122,03, 2644344,4, 628139,82, 0, 1, 3
2650886,7, 625560,61, 2651421,9, 625524,68, 0, 1, 3
2641529,2, 631424,87, 2641537,1, 631628,3, 0, 1, 1
2646817,5, 625321,53, 2647059,4, 625417,83, 0, 1, 3
2641537,1, 631628,3, 2641547,5, 631828,09, 0, 1, 1
2645327,3, 625850,86, 2645299, 625815,42, 0, 1, 3
2645081,8, 631509,22, 2645260,8, 631493,34, 0, 1, 3
2644925,4, 626404,19, 2644998,9, 626300,83, 0, 1, 1
2638895,6, 624889,26, 2638869,8, 624891,28, 0, 1, 3
2641498,3, 630748,15, 2641499,9, 630770,24, 0, 1, 1
2644153,2, 630604,57, 2644111,6, 630622,31, 0, 1, 1
2646485, 635545,55, 2646472,8, 635548,01, 0, 1, 3
2647491,1, 626917,78, 2647499,5, 627286,53, 0, 1, 3
2641413,3, 629655,31, 2641770,8, 629786,93, 0, 1, 3
2646309, 634011,95, 2646284,7, 634019,79, 0, 1, 3
2644453, 630910,23, 2644647, 630870,69, 0, 1, 3
2646430, 626367,08, 2646491,1, 626196,25, 0, 1, 3
2639548,9, 625631,08, 2639269,3, 625862,33, 0, 1, 3
2644046, 625309,71, 2644299,3, 625247,38, 0, 1, 3
2649536,9, 630350,74, 2649451,3, 630456,38, 0, 1, 3
2646023,7, 635111,1, 2645892,1, 634982,26, 0, 1, 3
2646659,2, 626511,2, 2646755, 626552,5, 0, 1, 1
2641693,6, 630652,11, 2641498,3, 630748,15, 0, 1, 1
2641178,7, 625162,14, 2640925,6, 625414,75, 0, 1, 3
2643785,3, 630234,54, 2643590,4, 629992,34, 0, 1, 3
2646423,8, 626413,61, 2646570,3, 626471,94, 0, 1, 1
2640106,3, 626254,26, 2640040,4, 626541,71, 0, 1, 3
2645057,8, 635626,3, 2644851,3, 635597,62, 0, 1, 3
2644135,6, 630581,01, 2644145,9, 630593,64, 0, 1, 1
2642259,8, 634453,29, 2642247,6, 634450,86, 0, 1, 3
2645088,7, 626181,32, 2645096,2, 626171,43, 0, 1, 1
2643005, 626396,95, 2642745,8, 626205,54, 0, 1, 1
2643013,5, 629115,91, 2643369,3, 629499,28, 0, 1, 1
2646079,7, 633679,44, 2646056, 633687,15, 0, 1, 3
2643260, 627285,2, 2643236,1, 627288,56, 0, 1, 3
2642631,8, 628273,42, 2642596, 628325,63, 0, 1, 3
2644504,4, 628192,53, 2644516,7, 628196,96, 0, 1, 3
2644630,1, 633852,84, 2644306,7, 634038,23, 0, 1, 3
2641397,7, 624897,71, 2641635,3, 625065,23, 0, 1, 3
2642670,7, 628386,98, 2642579,8, 628441,96, 0, 1, 3
2643906,3, 626256,2, 2643796,1, 626556,21, 0, 1, 3
2645785,3, 633136,2, 2645762,2, 633147,07, 0, 1, 3
2645869,6, 628619,44, 2645582,9, 628873,3, 0, 1, 3
2641670,7, 627652,58, 2641847,2, 627486, 0, 1, 3
2643026,8, 625574,16, 2643026,1, 625561,72, 0, 1, 1
2647841,5, 635151,75, 2647425,7, 635166,91, 0, 1, 3
2638828,2, 624462,74, 2639070,1, 624363,43, 0, 1, 1
2637962,8, 623062,07, 2637925,7, 623158,87, 0, 1, 1
2643850,6, 629123,34, 2643866, 629164,69, 0, 1, 3
2647272,9, 634413,18, 2648055,6, 634630,04, 0, 1, 1
2643770,3, 628385,72, 2643810,9, 628380,32, 0, 1, 3
2642732,1, 628811,52, 2642756,4, 628801,28, 0, 1, 1
2641169,1, 624678, 2641193,3, 624753,07, 0, 1, 3
2643872,7, 625566,71, 2643879,5, 625577,12, 0, 1, 3
2640631,7, 629804,98, 2640686,7, 629642,49, 0, 1, 3
2641308,6, 631950,32, 2640870,5, 631945,61, 0, 1, 1
2641965,9, 634375,25, 2641946,4, 634050,83, 0, 1, 3
2644756,2, 631315,81, 2644959,4, 631590,52, 0, 1, 1
2643552,6, 629120,6, 2643561, 628979,96, 0, 1, 3
2639669,5, 625732,71, 2639884,3, 625967,51, 0, 1, 1
2643369,3, 629499,28, 2643530,5, 629675,91, 0, 1, 1
2641155,1, 629702,21, 2641609,1, 629698,81, 0, 1, 3
2645122,3, 626209,31, 2645339,5, 626375,5, 0, 1, 3
2643158,6, 634001,23, 2642989,9, 634256,5, 0, 1, 3
2641518,1, 632169,3, 2641524,9, 632208,75, 0, 1, 1
2643553,1, 629145,07, 2643850,6, 629123,34, 0, 1, 1
2642631,4, 628706,59, 2642732,1, 628811,52, 0, 1, 1
2644161,4, 626783,91, 2644373,8, 626860,73, 0, 1, 1
2640686,7, 629642,49, 2640566,8, 630027, 0, 1, 3
2645096,2, 626171,43, 2645122,3, 626209,31, 0, 1, 3
2644630,1, 633852,84, 2644457,6, 633566,04, 0, 1, 3
2641560,1, 631883,29, 2641626,7, 632018,95, 0, 1, 3
2643659,5, 628113,21, 2643522,6, 627786,84, 0, 1, 1
2639628, 625484,78, 2639932,3, 625814,84, 0, 1, 1
2649108,5, 630146,09, 2649435,9, 630140,54, 0, 1, 3
2639422,2, 625467,04, 2639568, 625608,37, 0, 1, 1
2640992,6, 630831,56, 2640748, 630867,13, 0, 1, 3
2645609, 633396,06, 2645297, 633511,48, 0, 1, 3
2642983,1, 625584,38, 2642540,1, 625610,85, 0, 1, 3
2642982,1, 624992,95, 2642910,2, 624893,12, 0, 1, 1
2639893,3, 625977,77, 2640115,8, 626224,51, 0, 1, 1
2639295,6, 624277,85, 2639310,2, 624273,69, 0, 1, 1
2641825,6, 627873,58, 2642331,9, 628402,02, 0, 1, 1
2641595,9, 630085,47, 2641230,4, 629904,46, 0, 1, 3
2644805,6, 626574,93, 2644843,6, 626600,45, 0, 1, 3
2647272,9, 634413,18, 2647262,1, 634435,42, 0, 1, 3
2649166,3, 626854,61, 2648850, 627297,67, 0, 1, 3
2642800,6, 624781,41, 2642595,6, 625025,31, 0, 1, 3
2638753,5, 624478,35, 2638828,2, 624462,74, 0, 1, 1
2642647,1, 628282,11, 2642631,8, 628273,42, 0, 1, 1
2641887,7, 628580,45, 2641992,9, 628610,88, 0, 1, 1
2646172,6, 635601,29, 2645881, 635647,71, 0, 1, 3
2648010, 626842,42, 2648021,5, 626604,13, 0, 1, 3
2646443,4, 635497,58, 2646589,6, 635472,35, 0, 1, 3
2647750,1, 626864,31, 2648010, 626842,42, 0, 1, 3
2639503,4, 624268,72, 2639487,5, 624408,89, 0, 1, 3
2643792,8, 626675,31, 2644008,7, 626736,16, 0, 1, 1
2648341,1, 630215,51, 2648732,2, 630168,57, 0, 1, 3
2646413,9, 626409,35, 2646423,8, 626413,61, 0, 1, 1
2641938,1, 629235,55, 2641816,2, 629512,39, 0, 1, 3
2646139,7, 626272,74, 2646413,9, 626409,35, 0, 1, 1
2648404,3, 635128,8, 2648379,1, 635135,96, 0, 1, 3
2644021,6, 625594,03, 2644277, 625605,62, 0, 1, 3
2638129,1, 624231,81, 2638110,6, 624249,14, 0, 1, 3
2643045, 625713,93, 2643026,8, 625574,16, 0, 1, 1
2650986,1, 625635,58, 2651011,6, 625654,86, 0, 1, 3
2642479,4, 630268,16, 2642463,6, 630274,19, 0, 1, 1
2647059,4, 625417,83, 2646907,4, 625645,3, 0, 1, 3
2641529,2, 631424,87, 2641560,8, 631415, 0, 1, 1
2645244,7, 625721,31, 2645148,6, 625516,22, 0, 1, 3
2644996,1, 631564,94, 2645081,8, 631509,22, 0, 1, 3
2644998,9, 626300,83, 2645088,7, 626181,32, 0, 1, 1
2638869,8, 624891,28, 2638440,9, 624861,05, 0, 1, 3
2642020,8, 628670,31, 2641938,1, 629235,55, 0, 1, 3
2644111,6, 630622,31, 2643945,4, 630684,75, 0, 1, 1
2643048,7, 630779,46, 2643037,8, 630785,64, 0, 1, 3
2647499,5, 627286,53, 2647493,9, 627551,11, 0, 1, 3
2640539,3, 630481,46, 2640564,8, 630686,1, 0, 1, 3
2642248, 635343,75, 2642075,6, 635368,54, 0, 1, 3
2644427,7, 630914,75, 2644568,2, 631075,16, 0, 1, 1
2646671, 626487,92, 2646747,4, 626353,89, 0, 1, 3
2639485,5, 625267,21, 2639613, 625202,71, 0, 1, 3
2642299,8, 635338,64, 2642255,4, 635596,39, 0, 1, 3
2644186,9, 629876,78, 2644193, 629889,01, 0, 1, 3
2646443,4, 635497,58, 2646273,1, 635353,61, 0, 1, 3
2647689,3, 626867,43, 2647750,1, 626864,31, 0, 1, 1
2641856, 630578,86, 2641790,4, 630536,81, 0, 1, 1
2641169,1, 624678, 2640949,6, 624612,94, 0, 1, 3
2643785,3, 630234,54, 2643494,8, 630360,66, 0, 1, 3
2647035,6, 626686,53, 2647346,7, 626824,72, 0, 1, 1
2639723,8, 626381,51, 2639840,1, 626441,08, 0, 1, 3
2645057,8, 635626,3, 2645075, 635608,12, 0, 1, 3
2642511,1, 634501,52, 2642498,8, 634499,73, 0, 1, 3
2641996,5, 633526,16, 2642074,1, 633285,2, 0, 1, 3
2644990,8, 626277,51, 2644819,5, 626222,85, 0, 1, 3
2642745,8, 626205,54, 2642750,5, 626181,49, 0, 1, 1
2640584,8, 625223,09, 2640795,5, 624972,62, 0, 1, 3
2646056, 633687,15, 2645978,6, 633716,02, 0, 1, 3
2643236,1, 627288,56, 2642995, 627322,42, 0, 1, 3
2640131,5, 626002,36, 2640089,3, 625958,6, 0, 1, 3
2643266,9, 625103,36, 2643492,8, 625237,03, 0, 1, 3
2645184,3, 628406,8, 2645343,6, 628462,68, 0, 1, 3
2643376,9, 633991,58, 2643158,6, 634001,23, 0, 1, 3
2640933,7, 624856,35, 2641050,9, 624761,93, 0, 1, 3
2642058,3, 630484,5, 2641856, 630578,86, 0, 1, 1
2643906,3, 626256,2, 2644172,5, 626530,74, 0, 1, 3
2645762,2, 633147,07, 2645551,5, 633249,09, 0, 1, 3
2644516,7, 628196,96, 2644458,6, 628518,12, 0, 1, 3
2641642,2, 627650,99, 2641670,7, 627652,58, 0, 1, 3
2643357,5, 626516,09, 2643545,9, 626598,41, 0, 1, 1
2647425,7, 635166,91, 2647413,2, 635166,94, 0, 1, 3
2639568, 625608,37, 2639669,5, 625732,71, 0, 1, 1
2643866, 629164,69, 2644016,8, 629506,31, 0, 1, 3
2648055,6, 634630,04, 2648252, 634674,43, 0, 1, 1
2643810,9, 628380,32, 2643913,7, 628368,3, 0, 1, 3
2642031,2, 628625,48, 2642020,8, 628670,31, 0, 1, 3
2638716,7, 624499,46, 2638944,7, 624741,94, 0, 1, 1
2644045, 625322,12, 2644046, 625309,71, 0, 1, 3
2642034,2, 630294,57, 2642004,4, 630291,66, 0, 1, 3
2641547,5, 631828,09, 2641331,3, 631900,19, 0, 1, 1
2642582,2, 634509,49, 2642511,1, 634501,52, 0, 1, 3
2644959,4, 631590,52, 2645575,3, 632722,11, 0, 1, 1
2643553,1, 629145,07, 2643552,6, 629120,6, 0, 1, 3
2642539,8, 628826,79, 2642522,4, 628811,25, 0, 1, 1
2642270,7, 628692,62, 2642259,9, 628689,89, 0, 1, 1
2643826,8, 628793,77, 2643816,8, 628646,24, 0, 1, 1
2641781,5, 630510,2, 2641686,5, 630283,8, 0, 1, 3
2645621,7, 625544,97, 2646467,3, 625262,39, 0, 1, 3
2643133,7, 633826,41, 2642799,4, 633768,84, 0, 1, 3
2643530,5, 629675,91, 2643496,2, 629705,95, 0, 1, 1
2643850,6, 629123,34, 2643896,6, 629124,65, 0, 1, 3
2642732,1, 628811,52, 2642835,1, 628920,25, 0, 1, 1
2642085,9, 627211,04, 2642127,5, 626949,46, 0, 1, 3
2643504,5, 628075,83, 2643286,9, 628090,58, 0, 1, 3
2640903,3, 629851,82, 2640631,7, 629804,98, 0, 1, 3
2644156,4, 626807,9, 2644121,1, 627010,4, 0, 1, 3
2644796,4, 633756,81, 2644878,3, 633948,49, 0, 1, 3
2641550,3, 631855,94, 2641560,1, 631883,29, 0, 1, 3
2643770,3, 628385,72, 2643663,6, 628125,81, 0, 1, 1
2639932,3, 625814,84, 2640117,7, 626025,73, 0, 1, 1
2649983,4, 626614,99, 2650191,5, 626963,5, 0, 1, 3
2643522,6, 627786,84, 2643434,1, 627587,69, 0, 1, 1
2641212,9, 630694,02, 2640992,6, 630831,56, 0, 1, 3
2645284,4, 633516,52, 2645053, 633602,49, 0, 1, 3
2642926,1, 630042,97, 2642887,1, 630063,47, 0, 1, 1
2643005,6, 625312,94, 2642982,1, 624992,95, 0, 1, 1
2640115,8, 626224,51, 2641096,1, 627289,05, 0, 1, 1
2641395,2, 632197,63, 2641381,6, 632259,56, 0, 1, 1
2645526,4, 625990,25, 2645831,6, 626131,9, 0, 1, 1
2640566,8, 630027, 2640528, 630231,39, 0, 1, 3
2644978,7, 626685,34, 2644806,5, 626833,45, 0, 1, 3
2647262,1, 634435,42, 2647124,3, 634730,71, 0, 1, 3
2649166,3, 626854,61, 2649161,4, 626900,34, 0, 1, 3
2642789,8, 624724,41, 2642782,1, 624484,94, 0, 1, 3
2638708,6, 624488,75, 2638753,5, 624478,35, 0, 1, 1
2639265,9, 624909,06, 2639275,9, 624899,07, 0, 1, 1
2641011,4, 626991,23, 2641233,5, 627232,97, 0, 1, 1
2646172,6, 635601,29, 2646186,6, 635697,56, 0, 1, 3
2649626,3, 626355,64, 2649486, 626669,58, 0, 1, 3
2646273,1, 635353,61, 2646023,7, 635111,1, 0, 1, 3
2642074,1, 633285,2, 2642747, 633345,55, 0, 1, 3
2638283,5, 624498,33, 2638301, 624528,84, 0, 1, 3
2644373,8, 626860,73, 2644562,4, 626906,37, 0, 1, 1
2647165,4, 629736,07, 2646936,3, 630304,92, 0, 1, 3
2647346,7, 626824,72, 2647490,4, 626874,42, 0, 1, 1
2641938,1, 629235,55, 2641610,4, 629134,49, 0, 1, 3
2652033,4, 624906,86, 2652034, 624529,02, 0, 1, 3
2648379,1, 635135,96, 2647841,5, 635151,75, 0, 1, 3
2644021,6, 625594,03, 2644045, 625322,12, 0, 1, 3
2638110,6, 624249,14, 2637983,3, 624413,53, 0, 1, 3
2643045,3, 626004,46, 2643045, 625713,93, 0, 1, 1
2651011,6, 625654,86, 2651057,9, 626160,41, 0, 1, 3
2642813,4, 634535,24, 2642582,2, 634509,49, 0, 1, 3
2646467,3, 625262,39, 2646643,2, 625291,09, 0, 1, 3
2641560,8, 631415, 2641578,3, 631393,3, 0, 1, 1
2638129,8, 623243,63, 2638129,1, 624231,81, 0, 1, 1
2644959,4, 631590,52, 2644996,1, 631564,94, 0, 1, 3
2645228,7, 625987,84, 2645320,2, 625861,08, 0, 1, 1
2639197,4, 624979,52, 2639265,9, 624909,06, 0, 1, 1
2641434,6, 632094,6, 2641395,2, 632197,63, 0, 1, 1
2643945,4, 630684,75, 2643919,9, 630691,58, 0, 1, 1
2645623,2, 632807,87, 2645627,8, 632819,48, 0, 1, 1
2647127, 628199,93, 2647116,2, 628198,33, 0, 1, 3
2640528,9, 630341,98, 2640138,6, 630297,14, 0, 1, 3
2642273,5, 635341,1, 2642248, 635343,75, 0, 1, 3
2644427,7, 630914,75, 2644453, 630910,23, 0, 1, 3
2647490,4, 626874,42, 2647491,1, 626917,78, 0, 1, 3
2639460,2, 625303,88, 2639485,5, 625267,21, 0, 1, 3
2642253,6, 635608,73, 2642345,4, 635870,4, 0, 1, 3
2644193, 629889,01, 2644382,5, 630329,55, 0, 1, 3
2649103,5, 634967,31, 2648729,1, 635049,81, 0, 1, 3
2649154,5, 626850,99, 2649166,3, 626854,61, 0, 1, 3
2641790,4, 630536,81, 2641781,5, 630510,2, 0, 1, 1
2640205,8, 625379, 2640304, 625712,58, 0, 1, 3
2644036,7, 630279,53, 2644006,2, 630302,2, 0, 1, 3
2647502,3, 626872,64, 2647689,3, 626867,43, 0, 1, 1
2639893,3, 625977,77, 2639867,7, 626015,46, 0, 1, 3
2645075, 635608,12, 2645095, 635591,9, 0, 1, 3
2641953,5, 633758,78, 2641996,5, 633526,16, 0, 1, 3
2642255,4, 635596,39, 2642253,6, 635608,73, 0, 1, 3
2645096,2, 626171,43, 2645228,7, 625987,84, 0, 1, 1
2642750,5, 626181,49, 2642757,5, 626146,2, 0, 1, 1
2639839,4, 625496,16, 2640025,3, 625432,15, 0, 1, 3
2643860,1, 630046,56, 2643826,2, 630069,21, 0, 1, 3
2646907,4, 625645,3, 2646899,8, 625655,21, 0, 1, 3
2640117,7, 626025,73, 2640131,5, 626002,36, 0, 1, 3
2643879,5, 625577,12, 2644021,6, 625594,03, 0, 1, 3
2643492,8, 625237,03, 2643702,5, 625372,05, 0, 1, 3
2643751, 633995,86, 2643376,9, 633991,58, 0, 1, 3
2644798,7, 626585,29, 2644805,6, 626574,93, 0, 1, 1
2642255,3, 630387,33, 2642262,5, 630344,19, 0, 1, 3
2643556,9, 626604,41, 2643580,9, 626575,53, 0, 1, 3
2645575,3, 632722,11, 2645554,3, 632736,79, 0, 1, 3
2643373,8, 627457,66, 2643350,5, 627464,69, 0, 1, 3
2641035,7, 626989,2, 2641256,8, 626987,09, 0, 1, 3
2644562,4, 626906,37, 2644689,8, 626731,56, 0, 1, 1
2646861,5, 635481,51, 2646849,2, 635483,74, 0, 1, 3
2640205,8, 625379, 2640584,8, 625223,09, 0, 1, 3
2644558,3, 629520,34, 2644583,3, 629536,82, 0, 1, 3
2648252, 634674,43, 2649103,5, 634967,31, 0, 1, 1
2643663,6, 628125,81, 2643621,6, 628107,52, 0, 1, 3
2642259,9, 628689,89, 2642285,6, 628726,71, 0, 1, 3
2639824,4, 625499,38, 2639839,4, 625496,16, 0, 1, 3
2649626,3, 626355,64, 2649636, 626346,87, 0, 1, 3
2641870,8, 627837,12, 2641910,3, 627811,02, 0, 1, 1
2641331,3, 631900,19, 2641318,6, 631929,06, 0, 1, 1
2642498,8, 634499,73, 2642259,8, 634453,29, 0, 1, 3
2645575,3, 632722,11, 2645623,2, 632807,87, 0, 1, 1
2643861,2, 628644,54, 2644140,5, 628625,33, 0, 1, 3
2642835,1, 628920,25, 2642539,8, 628826,79, 0, 1, 1
2641096,1, 627289,05, 2641308, 627517,14, 0, 1, 1
2650260,6, 626015,77, 2650886,7, 625560,61, 0, 1, 3
2641686,5, 630283,8, 2641409,9, 629992,69, 0, 1, 3
2637925,7, 623158,87, 2638129,8, 623243,63, 0, 1, 1
2644057, 634061,93, 2643966,6, 633470,01, 0, 1, 3
2643496,2, 629705,95, 2643258,1, 629878,32, 0, 1, 1
2643896,6, 629124,65, 2644174, 629190,72, 0, 1, 3
2642835,1, 628920,25, 2643013,5, 629115,91, 0, 1, 1
2642995, 627322,42, 2642692,8, 627292,39, 0, 1, 3
2643707,4, 628124,25, 2644050,4, 628122,03, 0, 1, 3
2641230,4, 629904,46, 2641413,3, 629655,31, 0, 1, 3
2644805,6, 626574,93, 2644763,1, 626560,91, 0, 1, 3
2645284,4, 633516,52, 2645158, 633316,05, 0, 1, 3
2642470,1, 630222,5, 2642449,4, 630120,98, 0, 1, 3
2643816,5, 628633,1, 2643770,3, 628385,72, 0, 1, 1
2640117,7, 626025,73, 2641011,4, 626991,23, 0, 1, 1
2647744,3, 630473,67, 2648124,3, 630261,33, 0, 1, 3
2643663,6, 628125,81, 2643659,5, 628113,21, 0, 1, 1
2641267,8, 630435,35, 2641212,9, 630694,02, 0, 1, 3
2644978,7, 626685,34, 2645175,4, 626787,09, 0, 1, 3
2644796,4, 633756,81, 2644630,1, 633852,84, 0, 1, 3
2642463,6, 630274,19, 2642268,3, 630380,44, 0, 1, 1
2643045,6, 626475,81, 2643063,4, 626304,67, 0, 1, 1
2638708,6, 624488,75, 2638716,7, 624499,46, 0, 1, 1
2643258,1, 629878,32, 2643112,3, 629952,8, 0, 1, 1
2642707,6, 626356,45, 2642331,5, 626213,07, 0, 1, 3
2640528, 630231,39, 2640528,9, 630341,98, 0, 1, 3
2649161,4, 626900,34, 2649145,6, 626927,03, 0, 1, 3
2642845,7, 624728,92, 2642789,8, 624724,41, 0, 1, 3
2638556,7, 624520,06, 2638682, 624659,63, 0, 1, 1
2638944,7, 624741,94, 2639054, 624857,89, 0, 1, 1
2639054, 624857,89, 2639092,6, 624902,04, 0, 1, 1
2645261,7, 631784,97, 2645676, 631763,9, 0, 1, 3
2649626,3, 626355,64, 2649983,4, 626614,99, 0, 1, 3
2647413,2, 635166,94, 2647470,4, 634902,43, 0, 1, 3
2646079,7, 633679,44, 2646309, 634011,95, 0, 1, 1
2638301, 624528,84, 2638385,2, 624676,51, 0, 1, 3
2644689,8, 626731,56, 2644696,5, 626721,05, 0, 1, 1
2641499,9, 630770,24, 2641512,5, 630985,02, 0, 1, 1
2648789,1, 626782,22, 2648797,3, 626774,24, 0, 1, 3
2641312,8, 627709,21, 2640962,6, 627936,89, 0, 1, 3
2651421,9, 625524,68, 2652058, 625320,51, 0, 1, 3
2646861,5, 635481,51, 2647022,1, 635452,04, 0, 1, 3
2644046, 625309,71, 2644067,9, 625009,31, 0, 1, 3
2639182,6, 624320,08, 2639168,7, 624511,49, 0, 1, 3
2652033,4, 624906,86, 2652264,3, 624860,79, 0, 1, 3
2643332, 630646,77, 2643321, 630652,54, 0, 1, 3
2645351,3, 625813,56, 2645453,7, 625651,43, 0, 1, 3
2641578,3, 631393,3, 2641603, 631318,12, 0, 1, 1
2647199,8, 635162,89, 2646945,3, 635156,86, 0, 1, 3
2645081,8, 631509,22, 2645261,7, 631784,97, 0, 1, 3
2645327,3, 625850,86, 2645351,3, 625813,56, 0, 1, 3
2639178,5, 624995,79, 2639197,4, 624979,52, 0, 1, 1
2641381,6, 632259,56, 2641379,4, 632285,62, 0, 1, 1
2644145,9, 630593,64, 2644153,2, 630604,57, 0, 1, 1
2645881, 635647,71, 2645868,6, 635649,41, 0, 1, 3
2647116,2, 628198,33, 2646932,8, 628191,39, 0, 1, 3
2640138,6, 630297,14, 2640133,9, 630268,63, 0, 1, 3
2638129,1, 624231,81, 2638283,5, 624498,33, 0, 1, 1
2645086,8, 630932,65, 2645417,5, 630857,37, 0, 1, 3
2645695,7, 626381,65, 2645525,5, 626560,38, 0, 1, 3
2639628, 625484,78, 2639733,2, 625477,26, 0, 1, 1
2642253,6, 635608,73, 2643029,1, 635668,74, 0, 1, 3
2643530,5, 629675,91, 2643539,5, 629684,5, 0, 1, 1
2645868,6, 635649,41, 2645571,9, 635691,56, 0, 1, 3
2648021,5, 626840,47, 2648374,5, 626817,45, 0, 1, 3
2641781,5, 630510,2, 2640949,6, 630130,56, 0, 1, 3
2639792,7, 625485,77, 2639824,4, 625499,38, 0, 1, 3
2644135,6, 630581,01, 2644104,7, 630587,33, 0, 1, 3
2646139,7, 626272,74, 2646114,8, 626306,67, 0, 1, 3
2639867,7, 626015,46, 2639770,6, 626157,27, 0, 1, 3
2645095, 635591,9, 2645136,9, 635304,01, 0, 1, 3
2642345,4, 635870,4, 2642350,1, 635881,96, 0, 1, 3
2642876,7, 630068,4, 2642675,7, 630167,22, 0, 1, 1
2639770,6, 626157,27, 2639764,9, 626167,79, 0, 1, 3
2644851,3, 635597,62, 2644280,4, 635974,04, 0, 1, 3
2639746,4, 625475,72, 2639792,7, 625485,77, 0, 1, 3
2643826,2, 630069,21, 2643805,4, 630084,24, 0, 1, 3
2645327,3, 625850,86, 2645526,4, 625990,25, 0, 1, 1
2639953,1, 625797,95, 2640092,9, 625801,83, 0, 1, 3
2646936,3, 630304,92, 2647744,3, 630473,67, 0, 1, 3
2643255,6, 625098,15, 2643266,9, 625103,36, 0, 1, 3
2643158,6, 634001,23, 2643133,7, 633826,41, 0, 1, 3
2644696,5, 626721,05, 2644798,7, 626585,29, 0, 1, 1
2642262,5, 630344,19, 2642039,2, 629666,95, 0, 1, 3
2639824,4, 625499,38, 2639926,3, 625661,15, 0, 1, 3
2645554,3, 632736,79, 2645381,9, 632850,93, 0, 1, 3
2643350,5, 627464,69, 2643154, 627535,88, 0, 1, 3
2641011,4, 626991,23, 2641035,7, 626989,2, 0, 1, 3
2645831,6, 626131,9, 2645842,9, 626137,1, 0, 1, 1
2645297, 633511,48, 2645284,4, 633516,52, 0, 1, 3
2640795,5, 624972,62, 2640933,7, 624856,35, 0, 1, 3
2645901,2, 628585,47, 2645869,6, 628619,44, 0, 1, 3
2644096,6, 629671,02, 2644558,3, 629520,34, 0, 1, 3
2649115,3, 634971,58, 2649457,9, 635156,06, 0, 1, 1
2643286,9, 628090,58, 2642857,6, 628162,04, 0, 1, 3
2642285,6, 628726,71, 2642285,3, 629214,28, 0, 1, 3
2643621,6, 628107,52, 2643504,5, 628075,83, 0, 1, 3
2642969,1, 630020,02, 2642926,1, 630042,97, 0, 1, 1
2639749,5, 624155,05, 2639761,8, 624151,95, 0, 1, 3
2641318,6, 631929,06, 2641308,6, 631950,32, 0, 1, 1
2644186,9, 629876,78, 2644143,6, 629897,84, 0, 1, 3
2645627,8, 632819,48, 2645785,3, 633136,2, 0, 1, 1
2643816,8, 628646,24, 2643861,2, 628644,54, 0, 1, 3
2642835,1, 628920,25, 2642948,2, 628958,74, 0, 1, 1
2641308, 627517,14, 2641426,5, 627648,26, 0, 1, 1
2645343,6, 628462,68, 2645885, 628579,68, 0, 1, 3
2641384,7, 627686,27, 2641312,8, 627709,21, 0, 1, 3
2644851,3, 635597,62, 2644848,6, 635574,02, 0, 1, 3
2642247,6, 634450,86, 2642155,1, 634872,58, 0, 1, 3
2643539,5, 629684,5, 2643852,6, 630036,66, 0, 1, 1
2643162,9, 629001,63, 2643226,7, 628773,5, 0, 1, 3
2642031,2, 628625,48, 2641992,9, 628610,88, 0, 1, 1
2639420,6, 624835,04, 2639553,7, 624915,26, 0, 1, 3
2644344,4, 628139,82, 2644504,4, 628192,53, 0, 1, 3
2641770,8, 629786,93, 2641965,3, 630118,79, 0, 1, 3
2644843,6, 626600,45, 2644978,7, 626685,34, 0, 1, 3
2645622, 633392,95, 2645560,8, 633731,23, 0, 1, 3
2642479,4, 630268,16, 2642470,1, 630222,5, 0, 1, 3
2643847,9, 629108,44, 2643826,8, 628793,77, 0, 1, 1
2641457,3, 627474,75, 2641642,2, 627650,99, 0, 1, 1
2643260, 627285,2, 2643113,9, 626880,81, 0, 1, 1
2641079,5, 630248, 2641267,8, 630435,35, 0, 1, 3
2644405,9, 626437,69, 2644435,6, 626289,71, 0, 1, 3
2644306,7, 634038,23, 2644057, 634061,93, 0, 1, 3
2641550,3, 631855,94, 2641434,6, 632094,6, 0, 1, 1
2643113,9, 626880,81, 2643045,6, 626475,81, 0, 1, 1
2639092,6, 624902,04, 2639178,5, 624995,79, 0, 1, 1
2641233,5, 627232,97, 2641457,3, 627474,75, 0, 1, 1
2642808,6, 624771,8, 2642800,6, 624781,41, 0, 1, 3
2640528,9, 630341,98, 2640539,3, 630481,46, 0, 1, 3
2644671,5, 630853,71, 2645096,2, 630529,28, 0, 1, 3
2649145,6, 626927,03, 2649252,6, 627539,36, 0, 1, 3
2642331,5, 626213,07, 2642279,1, 626083,28, 0, 1, 3
2638682, 624659,63, 2638895,6, 624889,26, 0, 1, 1
2639460,2, 625303,88, 2639468,1, 625315,25, 0, 1, 1
2639513,1, 624185,8, 2639503,4, 624268,72, 0, 1, 3
2645261,7, 631784,97, 2646477,2, 631937,47, 0, 1, 3
2652033,4, 624906,86, 2651876,8, 624914,96, 0, 1, 3
2648379,1, 635135,96, 2648200,2, 635001,72, 0, 1, 3
2646309, 634011,95, 2647272,9, 634413,18, 0, 1, 1
2642675,7, 630167,22, 2642479,4, 630268,16, 0, 1, 1
2642255,3, 630387,33, 2642058,3, 630484,5, 0, 1, 1
2645015,4, 625531,18, 2644810,4, 625501,2, 0, 1, 3
2641384,7, 627686,27, 2641153,3, 627810,7, 0, 1, 3
2649069,1, 626632,07, 2649626,3, 626355,64, 0, 1, 3
2646849,2, 635483,74, 2646485, 635545,55, 0, 1, 3
2643266,9, 625103,36, 2643244,5, 625454,83, 0, 1, 3
2639310,2, 624273,69, 2639513,1, 624185,8, 0, 1, 3
2641512,5, 630985,02, 2641529,2, 631424,87, 0, 1, 1
2643491, 630563,29, 2643332, 630646,77, 0, 1, 3
2645453,7, 625651,43, 2645621,7, 625544,97, 0, 1, 3
2641426,5, 627648,26, 2642441,2, 628743,64, 0, 1, 1
2646945,3, 635156,86, 2646861,5, 635481,51, 0, 1, 3
2644959,4, 631590,52, 2644923,9, 631617,37, 0, 1, 3
2643026,8, 625574,16, 2642983,1, 625584,38, 0, 1, 3
2639553,7, 624915,26, 2639623,6, 624797,25, 0, 1, 3
2641379,4, 632285,62, 2641393, 632512,04, 0, 1, 1
2644153,2, 630604,57, 2644427,7, 630914,75, 0, 1, 1
2644923,9, 631617,37, 2644613,1, 631855,07, 0, 1, 3
2645820, 626175,98, 2645695,7, 626381,65, 0, 1, 3
2639993,8, 630262,02, 2639915,8, 630413,33, 0, 1, 3
2645244,7, 625721,31, 2645015,4, 625531,18, 0, 1, 3
2644591,8, 631066,75, 2644730,1, 631027,13, 0, 1, 3
2646114,8, 626306,67, 2645971,7, 626547,64, 0, 1, 3
2643045, 625713,93, 2643069,4, 625726,35, 0, 1, 3
2649435,9, 630140,54, 2650273,4, 630561,99, 0, 1, 3
2643852,6, 630036,66, 2643860,1, 630046,56, 0, 1, 1
2645622, 633392,95, 2645609, 633396,06, 0, 1, 3
2648010, 626842,42, 2648021,5, 626840,47, 0, 1, 3
2641781,5, 630510,2, 2640903,3, 629851,82, 0, 1, 3
2644006,2, 630302,2, 2643491, 630563,29, 0, 1, 3
2644104,7, 630587,33, 2643851, 630603,32, 0, 1, 3
2645842,9, 626137,1, 2645820, 626175,98, 0, 1, 3
2639764,9, 626167,79, 2639723,8, 626381,51, 0, 1, 3
2643879,5, 625577,12, 2643979,6, 625672,55, 0, 1, 3
2641946,4, 634050,83, 2641953,5, 633758,78, 0, 1, 3
2643788,7, 630226,15, 2643785,3, 630234,54, 0, 1, 3
2645842,9, 626137,1, 2645972,4, 626195,56, 0, 1, 1
2643037,8, 630785,64, 2643165,4, 631026,01, 0, 1, 3
2640933,7, 624856,35, 2641168,7, 625150,36, 0, 1, 3
2643805,4, 630084,24, 2644035,5, 629951,78, 0, 1, 3
2639932,3, 625814,84, 2639953,1, 625797,95, 0, 1, 3
2649435,9, 630140,54, 2649536,9, 630350,74, 0, 1, 3
2645381,9, 632850,93, 2645374,7, 632861,08, 0, 1, 3
2642989,9, 634256,5, 2642982,6, 634267,08, 0, 1, 3
2644605,7, 626504,54, 2644405,9, 626437,69, 0, 1, 3
2643045,6, 626475,81, 2643003,8, 626460,32, 0, 1, 3
2641635,3, 625065,23, 2641737,9, 625363,37, 0, 1, 3
2645374,7, 632861,08, 2644958,9, 633111,37, 0, 1, 3
2643434,1, 627587,69, 2643419,8, 627614,76, 0, 1, 3
2641845,6, 627858,4, 2641870,8, 627837,12, 0, 1, 1
2652058, 625320,51, 2652033,4, 624906,86, 0, 1, 3
2644905,8, 633665,68, 2644796,4, 633756,81, 0, 1, 3
2640025,3, 625432,15, 2640194,1, 625382,83, 0, 1, 3
2643321, 630652,54, 2643048,7, 630779,46, 0, 1, 3
2644583,3, 629536,82, 2645036, 629399,15, 0, 1, 3
2645792,8, 632753,05, 2646064,4, 632654,94, 0, 1, 1
2643663,6, 628125,81, 2643707,4, 628124,25, 0, 1, 3
2642857,6, 628162,04, 2642843,4, 628164,71, 0, 1, 3
2643816,8, 628646,24, 2643816,5, 628633,1, 0, 1, 1
2643112,3, 629952,8, 2642969,1, 630020,02, 0, 1, 1
2639761,5, 624325,57, 2639759,2, 624338,94, 0, 1, 3
2646932,8, 628191,39, 2646827,6, 628017,57, 0, 1, 3
2644382,5, 630329,55, 2644527,1, 630648,93, 0, 1, 3
2645785,3, 633136,2, 2645866,8, 633299,6, 0, 1, 1
2643770,3, 628385,72, 2643725,4, 628386,67, 0, 1, 3
2643029,5, 628981,31, 2643052,1, 628989,98, 0, 1, 1
2640194,1, 625382,83, 2640205,8, 625379, 0, 1, 3
2646570,3, 626471,94, 2646659,2, 626511,2, 0, 1, 1
2641783,7, 630453,41, 2641595,9, 630085,47, 0, 1, 3
2644848,6, 635574,02, 2644844,8, 635542,58, 0, 1, 3
2642498,8, 634499,73, 2642299,8, 635338,64, 0, 1, 3
2643860,1, 630046,56, 2644036,7, 630279,53, 0, 1, 1
2643156,9, 629022,96, 2643162,9, 629001,63, 0, 1, 3
2642259,9, 628689,89, 2642031,2, 628625,48, 0, 1, 1
2642747,9, 628610,53, 2642670,7, 628386,98, 0, 1, 1
2645885, 628579,68, 2645901,2, 628585,47, 0, 1, 3
2641887,4, 629932,13, 2642034,2, 630294,57, 0, 1, 3
2644944,7, 626420,45, 2645159,4, 626558,91, 0, 1, 3
2642463,2, 636251,38, 2642521,4, 636170,06, 0, 1, 3
2642595,6, 629680,52, 2642631,6, 629773,83, 0, 1, 3
2648340,5, 630216,31, 2648280,6, 630296,44, 0, 1, 3
2643006,2, 625312,15, 2643067,6, 625233,21, 0, 1, 3
2641080,5, 630247,62, 2641173,1, 630209,91, 0, 1, 3
2642814,2, 634535,75, 2642900,5, 634586,34, 0, 1, 3
2647166,3, 629735,75, 2647261,1, 629703,71, 0, 1, 3
2642708,2, 626357,22, 2642771,8, 626434,34, 0, 1, 3
2639421,5, 625467,7, 2639345,7, 625533, 0, 1, 3
2641991,8, 626432,4, 2641919,4, 626363,44, 0, 1, 3
2639749, 624154,15, 2639705,7, 624064,01, 0, 1, 3
2643358,5, 626516,26, 2643457,1, 626532,92, 0, 1, 3
2645086,5, 630931,68, 2645061,2, 630834,94, 0, 1, 3
2643848,1, 629107,46, 2643868,4, 629009,53, 0, 1, 3
2646817,1, 635155,74, 2646888,1, 635226,22, 0, 1, 3
2639533,4, 624644,44, 2639627,4, 624610,16, 0, 1, 3
2639992,9, 630261,56, 2639904,3, 630215,15, 0, 1, 3
2645458,8, 626339,31, 2645531,1, 626270,18, 0, 1, 3
2639697,3, 624535,69, 2639635,4, 624457,17, 0, 1, 3
2643164, 625775,61, 2643071,5, 625813,78, 0, 1, 3
2645702,5, 634051,09, 2645625,2, 633987,66, 0, 1, 3
2647200,8, 635162,87, 2647300,8, 635161,4, 0, 1, 3
2649068,1, 626632,1, 2648968,1, 626634,85, 0, 1, 3
2641156,1, 629702,02, 2641254,4, 629683,58, 0, 1, 3
2643205,9, 630422,72, 2643119,3, 630472,69, 0, 1, 3
2646227, 626036,96, 2646199,1, 625940,91, 0, 1, 3
2646155,5, 632805,49, 2646063,4, 632844,55, 0, 1, 1
2649109,5, 630146,13, 2649209,4, 630150,84, 0, 1, 3
2647035,6, 626687,53, 2647031,5, 626787,44, 0, 1, 3
2642883, 630860,31, 2642939,2, 630777,63, 0, 1, 3
2641339,1, 625298,69, 2641285,2, 625382,95, 0, 1, 3
2643788,1, 630226,98, 2643732,5, 630310,07, 0, 1, 3
2645287,2, 635652,35, 2645190,3, 635627,55, 0, 1, 3
2644755,3, 631315,5, 2644660,1, 631284,9, 0, 1, 3
2642875,9, 630068,98, 2642794, 630126,25, 0, 1, 3
2644606,7, 626504,55, 2644706,7, 626505,54, 0, 1, 3
2645444,2, 632972,62, 2645382,2, 632894,19, 0, 1, 3
2643404,2, 627656,52, 2643455,2, 627570,52, 0, 1, 3
2646817,3, 625320,54, 2646803,3, 625221,54, 0, 1, 3
2644905,2, 633664,89, 2644843,3, 633586,38, 0, 1, 3
2641397,5, 624898,68, 2641374,2, 624995,95, 0, 1, 3
2642747,6, 628611,49, 2642720, 628707,61, 0, 1, 3
2643896,4, 626263,88, 2643826,9, 626191,92, 0, 1, 3
2645183,7, 628405,98, 2645126,1, 628324,19, 0, 1, 3
2642086,4, 627211,89, 2642139, 627296,95, 0, 1, 3
2643044,5, 626003,81, 2642968, 625939,47, 0, 1, 3
2649116,1, 634972,05, 2649204,4, 635019,07, 0, 1, 3
2647073,8, 628479,28, 2647077,6, 628379,35, 0, 1, 3
2643519,4, 628398,5, 2643618,1, 628382,12, 0, 1, 3
2642647,9, 628282,71, 2642727,9, 628342,69, 0, 1, 1
2643873,4, 625566,03, 2643946,9, 625498,19, 0, 1, 3
2640883,3, 630321,39, 2640978,3, 630352,69, 0, 1, 3
2644753,9, 635297,35, 2644807,1, 635382,01, 0, 1, 3
2643561,3, 628964,3, 2643461,7, 628973,1, 0, 1, 3
2642271,2, 628693,42, 2642330, 628774,31, 0, 1, 3
2639085,4, 625102,24, 2639003,7, 625159,88, 0, 1, 3
2641886,7, 629932,85, 2641817,1, 630004,61, 0, 1, 3
2643750,2, 633996,51, 2643674,9, 634062,32, 0, 1, 3
2641966,7, 634375,95, 2642038, 634445,97, 0, 1, 3
2644653,4, 626203,62, 2644748, 626236,25, 0, 1, 3
2643959,7, 634343,02, 2643868,6, 634301,87, 0, 1, 3
2642667, 628376,22, 2642732,9, 628451,46, 0, 1, 1
2647503,2, 626873,05, 2647594,3, 626914,21, 0, 1, 3
2641783,9, 630452,45, 2641811,8, 630356,41, 0, 1, 3
2649154,8, 626850,02, 2649180,4, 626753,36, 0, 1, 3
2639295, 624278,64, 2639234,2, 624358,05, 0, 1, 1
2641694,6, 630652,21, 2641794,2, 630661,53, 0, 1, 3
2650310,9, 626093,71, 2650213,8, 626070,11, 0, 1, 3
2648162,5, 627024,44, 2648135,3, 626928,21, 0, 1, 3
2639761, 624326,45, 2639714,4, 624414,92, 0, 1, 3
2645415,8, 634390,48, 2645462,1, 634479,08, 0, 1, 3
2643255,1, 625097,27, 2643206,4, 625009,93, 0, 1, 3
2639405,8, 624844,41, 2639462, 624927,09, 0, 1, 3
2644343,4, 628139,88, 2644243,6, 628145,65, 0, 1, 3
2651422,9, 625524,77, 2651522,4, 625534,35, 0, 1, 3
2641536,1, 631628,37, 2641436,3, 631635,33, 0, 1, 3
2647060,2, 625417,21, 2647138,7, 625355,31, 0, 1, 3
2645261,7, 631493,05, 2645357,6, 631464,45, 0, 1, 3
2646490,2, 626196,33, 2646390,5, 626204,75, 0, 1, 3
2639269,9, 625861,56, 2639333,4, 625784,32, 0, 1, 3
2644300,3, 625247,29, 2644399,8, 625237,63, 0, 1, 3
2649451, 630455,44, 2649417,6, 630361,19, 0, 1, 3
2645893, 634982,69, 2645983,3, 635025,73, 0, 1, 3
2640925,6, 625413,75, 2640930,8, 625313,88, 0, 1, 3
2646569,4, 626471,59, 2646475,8, 626436,36, 0, 1, 3
2640040,6, 626540,74, 2640067, 626444,29, 0, 1, 3
2644146,9, 630593,83, 2644245, 630612,85, 0, 1, 3
2643369, 629500,22, 2643335,2, 629594,34, 0, 1, 3
2642596, 628326,62, 2642599,2, 628426,57, 0, 1, 3
2644307,7, 634038,59, 2644400,8, 634074,93, 0, 1, 3
2641636,2, 625064,77, 2641724,8, 625018,45, 0, 1, 3
2642579,3, 628441,06, 2642536,5, 628350,72, 0, 1, 3
2643795,3, 626556,84, 2643718,2, 626620,55, 0, 1, 3
2645582,2, 628874,03, 2645513,9, 628947,08, 0, 1, 3
2641846,5, 627485,29, 2641776,4, 627413,98, 0, 1, 3
2643025,3, 625561,18, 2642941,2, 625507,02, 0, 1, 3
2647425,2, 635166,03, 2647378,7, 635077,53, 0, 1, 3
2639071,1, 624363,41, 2639171,1, 624361,3, 0, 1, 3
2641192,9, 624753,99, 2641152,8, 624845,59, 0, 1, 3
2640685,8, 629642,81, 2640591,2, 629675,37, 0, 1, 3
2640869,6, 631946,13, 2640783,9, 631997,71, 0, 1, 1
2641945,7, 634050,16, 2641871,8, 633982,81, 0, 1, 3
2639883,5, 625967,03, 2639795,7, 625919,17, 0, 1, 3
2641608,9, 629697,84, 2641581,6, 629601,63, 0, 1, 3
2645338,6, 626375,86, 2645245,2, 626411,74, 0, 1, 3
2642990,5, 634257,32, 2643048,1, 634339,04, 0, 1, 3
2644374,1, 626859,77, 2644399,9, 626763,17, 0, 1, 3
2640566, 630027,61, 2640486,8, 630088,59, 0, 1, 3
2644458,5, 633566,38, 2644552,8, 633599,82, 0, 1, 3
2641627, 632019,88, 2641664,2, 632112,71, 0, 1, 3
2643522,4, 627787,82, 2643503,6, 627886,05, 0, 1, 3
2645297, 633510,48, 2645299,7, 633410,52, 0, 1, 3
2642539,3, 625610,33, 2642454,3, 625557,53, 0, 1, 3
2642331,1, 628402,69, 2642256,9, 628469,71, 0, 1, 3
2641231,3, 629904,93, 2641319,6, 629951,85, 0, 1, 3
2648849,3, 627298,43, 2648784,3, 627374,39, 0, 1, 3
2642595,8, 625026,28, 2642622,5, 625122,66, 0, 1, 3
2645881,6, 635648,48, 2645944,7, 635726,05, 0, 1, 3
2648022,1, 626604,92, 2648082,3, 626684,77, 0, 1, 3
2646588,6, 635472,34, 2646488,7, 635471,27, 0, 1, 3
2639488,1, 624409,69, 2639548, 624489,76, 0, 1, 3
2644008, 626735,47, 2643935,2, 626666,86, 0, 1, 3
2648731,3, 630168,99, 2648640,7, 630211,37, 0, 1, 3
2646424,4, 626412,85, 2646489,3, 626336,72, 0, 1, 3
2641815,5, 629511,74, 2641739,1, 629447,17, 0, 1, 3
2644276,1, 625605,08, 2644191,8, 625551,25, 0, 1, 3
2642464,6, 630274,34, 2642563,6, 630288,57, 0, 1, 3
2645149,2, 625515,38, 2645204, 625431,77, 0, 1, 3
2645087,7, 626181,51, 2644989,5, 626200,29, 0, 1, 3
2638441,7, 624861,54, 2638528,6, 624911,16, 0, 1, 3
2647493,5, 627551,99, 2647446,1, 627640,07, 0, 1, 3
2642076,5, 635368,71, 2642175,1, 635385,86, 0, 1, 3
2646748,4, 626353,71, 2646846,8, 626336, 0, 1, 3
2639614, 625202,6, 2639713,5, 625192,13, 0, 1, 3
2642255, 635597,3, 2642212,1, 635687,61, 0, 1, 3
2644192,2, 629889,63, 2644113,6, 629951,49, 0, 1, 3
2646273,7, 635352,82, 2646335,6, 635274,27, 0, 1, 3
2640950,4, 624613,49, 2641034,1, 624668,27, 0, 1, 3
2643493,8, 630360,66, 2643393,8, 630360,62, 0, 1, 3
2647346,6, 626823,73, 2647337,6, 626724,13, 0, 1, 3
2639839,2, 626441,43, 2639745,3, 626475,92, 0, 1, 3
2644820,5, 626222,59, 2644917, 626196,49, 0, 1, 3
2640796,4, 624972,21, 2640887,7, 624931,33, 0, 1, 3
2645979,2, 633716,85, 2646035,6, 633799,43, 0, 1, 3
2640090,3, 625958,62, 2640190,3, 625961,25, 0, 1, 3
2643493,8, 625236,96, 2643593,5, 625229,23, 0, 1, 3
2645344,5, 628462,22, 2645433,6, 628416,78, 0, 1, 3
2641050,4, 624761,03, 2641005,2, 624671,84, 0, 1, 3
2644173,1, 626531,57, 2644228,7, 626614,72, 0, 1, 3
2644458,5, 628517,14, 2644439,9, 628418,88, 0, 1, 3
2639669,2, 625733,66, 2639638,9, 625828,96, 0, 1, 3
2644017,7, 629505,97, 2644111,8, 629472,02, 0, 1, 3
2643914,4, 628369,02, 2643984,1, 628440,66, 0, 1, 3
2638943,7, 624741,61, 2638849,2, 624709,08, 0, 1, 3
2642512,1, 634501,61, 2642611,7, 634510,32, 0, 1, 3
2641685,5, 630283,68, 2641586,2, 630271,83, 0, 1, 3
2646467,7, 625263,32, 2646505,3, 625355,97, 0, 1, 3
2642800,4, 633768,99, 2642899,2, 633784,3, 0, 1, 3
2642127,6, 626950,46, 2642139,9, 627049,71, 0, 1, 3
2643286,5, 628091,49, 2643247, 628183,37, 0, 1, 3
2640632,4, 629804,23, 2640698, 629728,8, 0, 1, 3
2644120,3, 627010,97, 2644038,2, 627068,15, 0, 1, 3
2644879, 633947,84, 2644955,5, 633883,41, 0, 1, 3
2650192,3, 626962,79, 2650262,5, 626891,58, 0, 1, 3
2645052,9, 633603,47, 2645037,8, 633702,34, 0, 1, 3
2641095,6, 627289,91, 2641045,5, 627376,47, 0, 1, 3
2645832,6, 626132, 2645932,1, 626141,82, 0, 1, 3
2644805,6, 626833,09, 2644712,3, 626797,04, 0, 1, 3
2647123,3, 634730,47, 2647026,4, 634705,93, 0, 1, 3
2642781,2, 624484,39, 2642697,7, 624429,36, 0, 1, 3
2641232,5, 627232,92, 2641132,6, 627228,03, 0, 1, 3
2646187,5, 635697,15, 2646278,7, 635656,18, 0, 1, 3
2649486,2, 626668,6, 2649509,1, 626571,27, 0, 1, 3
2646024,7, 635111,27, 2646123,2, 635128,4, 0, 1, 3
2642748, 633345,43, 2642847,3, 633333,11, 0, 1, 3
2644563,3, 626906,67, 2644658,7, 626936,67, 0, 1, 3
2646936,1, 630305,9, 2646917,9, 630404,23, 0, 1, 3
2647841,7, 635152,73, 2647857,2, 635251,52, 0, 1, 3
2637984,3, 624413,37, 2638082,9, 624396,76, 0, 1, 3
2651057,1, 626160,97, 2650974,6, 626217,53, 0, 1, 3
2646644, 625290,45, 2646721, 625226,67, 0, 1, 3
2645319,2, 625860,95, 2645220, 625848,56, 0, 1, 3
2639265,8, 624908,06, 2639252,3, 624808,98, 0, 1, 3
2641395, 632198,62, 2641381, 632297,62, 0, 1, 1
2645626,8, 632819,27, 2645529,1, 632798,13, 0, 1, 3
2647115,2, 628198,72, 2647023,1, 628237,7, 0, 1, 3
2642345,5, 635869,4, 2642355,8, 635769,93, 0, 1, 3
2644382,5, 630330,55, 2644380,7, 630430,53, 0, 1, 3
2648729, 635050,81, 2648724,3, 635150,7, 0, 1, 3
2640303,5, 625713,42, 2640249,2, 625797,42, 0, 1, 3
2641997,5, 633525,76, 2642089,5, 633486,66, 0, 1, 3
2645228, 625988,52, 2645154,2, 626056,04, 0, 1, 3
2642756,7, 626146,82, 2642678,1, 626208,64, 0, 1, 1
2640024,3, 625431,95, 2639926,3, 625411,81, 0, 1, 3
2646899,8, 625654,21, 2646896,4, 625554,27, 0, 1, 3
2643701,9, 625371,23, 2643645, 625289,02, 0, 1, 3
2643376,1, 633990,96, 2643297,1, 633929,61, 0, 1, 3
2646849,7, 635484,62, 2646897,1, 635572,66, 0, 1, 3
2640585,2, 625222,14, 2640616,2, 625127,09, 0, 1, 3
2639839,4, 625495,16, 2639836,4, 625395,2, 0, 1, 3
2649635,1, 626346,32, 2649551,9, 626290,94, 0, 1, 3
2641909,8, 627810,15, 2641860,5, 627723,19, 0, 1, 3
2642260, 634454,26, 2642281,8, 634551,86, 0, 1, 3
2644141,5, 628625,43, 2644241, 628635,16, 0, 1, 3
2641307, 627517,1, 2641207, 627513,2, 0, 1, 3
2641410,2, 629991,74, 2641442,5, 629897,11, 0, 1, 3
2643967, 633470,9, 2644012,5, 633559,97, 0, 1, 3
2643257,2, 629878,8, 2643169,1, 629926,02, 0, 1, 1
2644173, 629190,75, 2644073,1, 629193,88, 0, 1, 3
2642692,5, 627293,33, 2642660,6, 627388,11, 0, 1, 3
2644049,7, 628121,28, 2643983,1, 628046,72, 0, 1, 3
2641412,5, 629654,62, 2641340,7, 629585,01, 0, 1, 3
2645157,1, 633315,6, 2645067,9, 633270,33, 0, 1, 3
2642448,4, 630121,14, 2642349,7, 630137,08, 0, 1, 3
2648125,2, 630260,97, 2648218,7, 630225,57, 0, 1, 3
2643660,3, 628113,7, 2643747,2, 628163,25, 0, 1, 3
2645176,1, 626787,86, 2645239,6, 626865,06, 0, 1, 3
2642267,8, 630381,33, 2642222, 630470,2, 0, 1, 3
2638717,7, 624499,19, 2638813,9, 624471,91, 0, 1, 3
2643113, 629953,45, 2643188,7, 630018,82, 0, 1, 3
2639054,8, 624857,29, 2639134,7, 624797,09, 0, 1, 3
2645675,9, 631764,89, 2645664,2, 631864,21, 0, 1, 3
2649983,1, 626614,07, 2649944,4, 626521,86, 0, 1, 3
2647471, 634903,26, 2647525,9, 634986,84, 0, 1, 3
2638385,1, 624675,51, 2638382,1, 624575,56, 0, 1, 3
2644695,8, 626721,74, 2644623,9, 626791,32, 0, 1, 3
2648798,1, 626773,63, 2648877,7, 626713,13, 0, 1, 3
2647022,8, 635452,7, 2647097,8, 635518,87, 0, 1, 3
2644068,3, 625008,39, 2644108,1, 624916,62, 0, 1, 3
2639168,2, 624510,66, 2639111,4, 624428,34, 0, 1, 3
2652265,3, 624860,68, 2652364,6, 624849,27, 0, 1, 3
2645452,7, 625651,15, 2645356,7, 625623,26, 0, 1, 3
2641602,2, 631317,51, 2641523,5, 631255,84, 0, 1, 1
2646931,8, 628191,28, 2646832,5, 628180,05, 0, 1, 3
2645416,6, 630857,76, 2645324,8, 630897,27, 0, 1, 3
2645526,5, 626560,16, 2645623,9, 626537,63, 0, 1, 3
2639733,3, 625476,26, 2639735,8, 625376,29, 0, 1, 1
2643029, 635669,73, 2643017,1, 635769,03, 0, 1, 3
2643540,2, 629683,81, 2643612,1, 629614,3, 0, 1, 3
2645570,9, 635691,8, 2645473,7, 635715,22, 0, 1, 3
2648374, 626818,32, 2648325,3, 626905,62, 0, 1, 3
2640950,5, 630130,01, 2641033,7, 630074,62, 0, 1, 3
2639769,6, 626156,94, 2639675,1, 626124,37, 0, 1, 3
2645137,2, 635304,97, 2645163, 635401,59, 0, 1, 3
2642675,9, 630166,24, 2642697,7, 630068,63, 0, 1, 3
2644280, 635973,12, 2644241,2, 635880,93, 0, 1, 3
2645525,7, 625990,99, 2645458, 626064,53, 0, 1, 3
2640092,6, 625800,89, 2640058,6, 625706,84, 0, 1, 3
2647744,7, 630474,58, 2647786,2, 630565,57, 0, 1, 3
2643134,3, 633825,67, 2643202,2, 633752,24, 0, 1, 3
2644798,5, 626586,26, 2644773,2, 626683,02, 0, 1, 3
2642039,4, 629667,93, 2642056,5, 629766,46, 0, 1, 3
2639925,6, 625661,85, 2639853,8, 625731,44, 0, 1, 3
2643153,2, 627536,47, 2643072,5, 627595,53, 0, 1, 3
2649458,4, 635155,22, 2649512,4, 635071,02, 0, 1, 3
2642284,7, 629213,49, 2642223,1, 629134,71, 0, 1, 3
2643503,5, 628075,65, 2643405,2, 628057,36, 0, 1, 3
2642948,9, 628958, 2643016,7, 628884,54, 0, 1, 3
2641313,2, 627708,3, 2641355,1, 627617,52, 0, 1, 3
2642154,8, 634871,63, 2642121,6, 634777,31, 0, 1, 3
2643852, 630035,84, 2643795,9, 629953,05, 0, 1, 3
2643225,9, 628772,87, 2643147,9, 628710,23, 0, 1, 3
2639554,7, 624915,32, 2639654,5, 624921,09, 0, 1, 3
2644504,4, 628193,53, 2644500,6, 628293,46, 0, 1, 3
2645561,7, 633731,24, 2645661,7, 633732,64, 0, 1, 3
2643826,2, 628792,94, 2643770,1, 628710,22, 0, 1, 3
2643114,9, 626880,62, 2643213, 626861,52, 0, 1, 3
2641267,1, 630436,07, 2641197,6, 630507,91, 0, 1, 3
2644435,5, 626290,7, 2644425,4, 626390,19, 0, 1, 3
2641456,6, 627474,12, 2641379,2, 627410,79, 0, 1, 3
2642800,3, 624782,35, 2642766,3, 624876,4, 0, 1, 3
2640538,4, 630481,86, 2640446,8, 630522,04, 0, 1, 3
2645097,1, 630529, 2645193,3, 630501,46, 0, 1, 3
2649251,8, 627539,99, 2649174,1, 627602,97, 0, 1, 3
2642278,9, 626084,25, 2642255,9, 626181,57, 0, 1, 3
2639467,9, 625316,24, 2639452,6, 625415,06, 0, 1, 1
2639502,4, 624268,69, 2639402,4, 624266,46, 0, 1, 3
2646476,2, 631937,67, 2646378,2, 631957,58, 0, 1, 3
2651876,3, 624915,84, 2651828,6, 625003,71, 0, 1, 3
2648201,1, 635001,28, 2648290,8, 634956,94, 0, 1, 3
2642059,2, 630483,94, 2642142,1, 630427,97, 0, 1, 3
2644809,6, 625501,81, 2644730,4, 625562,86, 0, 1, 3
2641152,3, 627810,47, 2641054,9, 627788,03, 0, 1, 3
2646485, 635546,55, 2646488,8, 635646,47, 0, 1, 3
2643245,4, 625455,22, 2643337,6, 625494,04, 0, 1, 3
2643331,3, 630646,1, 2643256,8, 630579,31, 0, 1, 3
2645622,5, 625545,51, 2645706,3, 625600,08, 0, 1, 3
2639624,3, 624797,95, 2639695,5, 624868,17, 0, 1, 3
2641394, 632512,22, 2641492,4, 632530,14, 0, 1, 1
2644612,5, 631854,27, 2644552,5, 631774,26, 0, 1, 3
2645694,7, 626381,48, 2645596,3, 626363,71, 0, 1, 3
2639914,9, 630412,86, 2639826,6, 630365,94, 0, 1, 3
2645016,2, 625530,62, 2645099,2, 625474,81, 0, 1, 3
2645971,1, 626546,85, 2645909,1, 626468,38, 0, 1, 3
2645608,7, 633397,03, 2645584,2, 633493,97, 0, 1, 3
2648020,5, 626840,42, 2647920,7, 626835,29, 0, 1, 3
2640903, 629850,89, 2640865,6, 629758,14, 0, 1, 3
2643490, 630563,28, 2643390, 630561,68, 0, 1, 3
2643851,7, 630602,55, 2643915,2, 630525,32, 0, 1, 3
2643979, 625673,34, 2643916,8, 625751,64, 0, 1, 3
2641953,2, 633757,83, 2641921,2, 633663,11, 0, 1, 3
2645973,1, 626196,22, 2646047,6, 626262,93, 0, 1, 3
2643164,5, 631025,49, 2643079,4, 630973,04, 0, 1, 3
2641169,4, 625151, 2641245,9, 625215,42, 0, 1, 3
2644034,8, 629951,07, 2643965,2, 629879,22, 0, 1, 3
2645374,4, 632862,05, 2645350,2, 632959,07, 0, 1, 3
2644405,3, 626438,5, 2644348, 626520,43, 0, 1, 3
2641738,8, 625362,86, 2641825, 625312,17, 0, 1, 3
2644958,7, 633110,38, 2644944,2, 633011,44, 0, 1, 3
2641871,8, 627837,24, 2641971, 627849,34, 0, 1, 3
2640194, 625383,82, 2640181,7, 625483,06, 0, 1, 3
2643049,6, 630778,99, 2643138,2, 630732,69, 0, 1, 3
2645036, 629400,14, 2645043,5, 629499,86, 0, 1, 3
2642843, 628165,62, 2642802,6, 628257,11, 0, 1, 3
2643816, 628634, 2643772,1, 628723,85, 0, 1, 3
2642968,3, 630020,72, 2642896,3, 630090,1, 0, 1, 3
2644526,6, 630649,79, 2644475,3, 630735,63, 0, 1, 3
2641595,7, 630084,49, 2641572,2, 629987,29, 0, 1, 3
2642033,2, 630294,28, 2641937,5, 630265,17, 0, 1, 3
2645160,1, 626558,24, 2645234, 626490,86, 0, 1, 3
2642462,6, 636252,2, 2642463,2, 636251,38, 8421504, 3, 1
2642595,3, 629679,59, 2642595,6, 629680,52, 8421504, 3, 1
2648341,1, 630215,51, 2648340,5, 630216,31, 8421504, 3, 1
2643005,6, 625312,94, 2643006,2, 625312,15, 8421504, 3, 1
2641079,5, 630248, 2641080,5, 630247,62, 8421504, 3, 1
2642813,4, 634535,24, 2642814,2, 634535,75, 8421504, 3, 1
2647165,4, 629736,07, 2647166,3, 629735,75, 8421504, 3, 1
2642707,6, 626356,45, 2642708,2, 626357,22, 8421504, 3, 1
2639422,2, 625467,04, 2639421,5, 625467,7, 8421504, 3, 1
2641992,6, 626433,09, 2641991,8, 626432,4, 8421504, 3, 1
2639749,5, 624155,05, 2639749, 624154,15, 8421504, 3, 1
2643357,5, 626516,09, 2643358,5, 626516,26, 8421504, 3, 1
2645086,8, 630932,65, 2645086,5, 630931,68, 8421504, 3, 1
2643847,9, 629108,44, 2643848,1, 629107,46, 8421504, 3, 1
2646816,4, 635155,04, 2646817,1, 635155,74, 8421504, 3, 1
2639532,5, 624644,78, 2639533,4, 624644,44, 8421504, 3, 1
2639993,8, 630262,02, 2639992,9, 630261,56, 8421504, 3, 1
2645458,1, 626340, 2645458,8, 626339,31, 8421504, 3, 1
2639697,9, 624536,48, 2639697,3, 624535,69, 8421504, 3, 1
2643164,9, 625775,23, 2643164, 625775,61, 8421504, 3, 1
2645703,3, 634051,72, 2645702,5, 634051,09, 8421504, 3, 1
2647199,8, 635162,89, 2647200,8, 635162,87, 8421504, 3, 1
2649069,1, 626632,07, 2649068,1, 626632,1, 8421504, 3, 1
2641155,1, 629702,21, 2641156,1, 629702,02, 8421504, 3, 1
2643206,8, 630422,22, 2643205,9, 630422,72, 8421504, 3, 1
2646227,3, 626037,92, 2646227, 626036,96, 8421504, 3, 1
2646156,4, 632805,1, 2646155,5, 632805,49, 8421504, 3, 1
2649108,5, 630146,09, 2649109,5, 630146,13, 8421504, 3, 1
2647035,6, 626686,53, 2647035,6, 626687,53, 8421504, 3, 1
2642882,4, 630861,14, 2642883, 630860,31, 8421504, 3, 1
2641339,6, 625297,85, 2641339,1, 625298,69, 8421504, 3, 1
2643788,7, 630226,15, 2643788,1, 630226,98, 8421504, 3, 1
2645288,2, 635652,6, 2645287,2, 635652,35, 8421504, 3, 1
2644756,2, 631315,81, 2644755,3, 631315,5, 8421504, 3, 1
2642876,7, 630068,4, 2642875,9, 630068,98, 8421504, 3, 1
2644605,7, 626504,54, 2644606,7, 626504,55, 8421504, 3, 1
2645444,8, 632973,41, 2645444,2, 632972,62, 8421504, 3, 1
2643403,7, 627657,38, 2643404,2, 627656,52, 8421504, 3, 1
2646817,5, 625321,53, 2646817,3, 625320,54, 8421504, 3, 1
2644905,8, 633665,68, 2644905,2, 633664,89, 8421504, 3, 1
2641397,7, 624897,71, 2641397,5, 624898,68, 8421504, 3, 1
2642747,9, 628610,53, 2642747,6, 628611,49, 8421504, 3, 1
2643897,1, 626264,6, 2643896,4, 626263,88, 8421504, 3, 1
2645184,3, 628406,8, 2645183,7, 628405,98, 8421504, 3, 1
2642085,9, 627211,04, 2642086,4, 627211,89, 8421504, 3, 1
2643045,3, 626004,46, 2643044,5, 626003,81, 8421504, 3, 1
2649115,3, 634971,58, 2649116,1, 634972,05, 8421504, 3, 1
2647073,8, 628480,28, 2647073,8, 628479,28, 8421504, 3, 1
2643518,5, 628398,67, 2643519,4, 628398,5, 8421504, 3, 1
2642647,1, 628282,11, 2642647,9, 628282,71, 8421504, 3, 1
2643872,7, 625566,71, 2643873,4, 625566,03, 8421504, 3, 1
2640882,4, 630321,08, 2640883,3, 630321,39, 8421504, 3, 1
2644753,3, 635296,51, 2644753,9, 635297,35, 8421504, 3, 1
2643562,3, 628964,22, 2643561,3, 628964,3, 8421504, 3, 1
2642270,7, 628692,62, 2642271,2, 628693,42, 8421504, 3, 1
2639086,2, 625101,66, 2639085,4, 625102,24, 8421504, 3, 1
2641887,4, 629932,13, 2641886,7, 629932,85, 8421504, 3, 1
2643751, 633995,86, 2643750,2, 633996,51, 8421504, 3, 1
2641965,9, 634375,25, 2641966,7, 634375,95, 8421504, 3, 1
2644652,5, 626203,3, 2644653,4, 626203,62, 8421504, 3, 1
2643960,7, 634343,44, 2643959,7, 634343,02, 8421504, 3, 1
2642666,3, 628375,47, 2642667, 628376,22, 8421504, 3, 1
2647502,3, 626872,64, 2647503,2, 626873,05, 8421504, 3, 1
2641783,7, 630453,41, 2641783,9, 630452,45, 8421504, 3, 1
2649154,5, 626850,99, 2649154,8, 626850,02, 8421504, 3, 1
2639295,6, 624277,85, 2639295, 624278,64, 8421504, 3, 1
2641693,6, 630652,11, 2641694,6, 630652,21, 8421504, 3, 1
2650311,9, 626093,94, 2650310,9, 626093,71, 8421504, 3, 1
2648162,7, 627025,4, 2648162,5, 627024,44, 8421504, 3, 1
2639761,5, 624325,57, 2639761, 624326,45, 8421504, 3, 1
2645415,3, 634389,59, 2645415,8, 634390,48, 8421504, 3, 1
2643255,6, 625098,15, 2643255,1, 625097,27, 8421504, 3, 1
2639405,2, 624843,58, 2639405,8, 624844,41, 8421504, 3, 1
2644344,4, 628139,82, 2644343,4, 628139,88, 8421504, 3, 1
2651421,9, 625524,68, 2651422,9, 625524,77, 8421504, 3, 1
2641537,1, 631628,3, 2641536,1, 631628,37, 8421504, 3, 1
2647059,4, 625417,83, 2647060,2, 625417,21, 8421504, 3, 1
2645260,8, 631493,34, 2645261,7, 631493,05, 8421504, 3, 1
2646491,1, 626196,25, 2646490,2, 626196,33, 8421504, 3, 1
2639269,3, 625862,33, 2639269,9, 625861,56, 8421504, 3, 1
2644299,3, 625247,38, 2644300,3, 625247,29, 8421504, 3, 1
2649451,3, 630456,38, 2649451, 630455,44, 8421504, 3, 1
2645892,1, 634982,26, 2645893, 634982,69, 8421504, 3, 1
2640925,6, 625414,75, 2640925,6, 625413,75, 8421504, 3, 1
2646570,3, 626471,94, 2646569,4, 626471,59, 8421504, 3, 1
2640040,4, 626541,71, 2640040,6, 626540,74, 8421504, 3, 1
2644145,9, 630593,64, 2644146,9, 630593,83, 8421504, 3, 1
2643369,3, 629499,28, 2643369, 629500,22, 8421504, 3, 1
2642596, 628325,63, 2642596, 628326,62, 8421504, 3, 1
2644306,7, 634038,23, 2644307,7, 634038,59, 8421504, 3, 1
2641635,3, 625065,23, 2641636,2, 625064,77, 8421504, 3, 1
2642579,8, 628441,96, 2642579,3, 628441,06, 8421504, 3, 1
2643796,1, 626556,21, 2643795,3, 626556,84, 8421504, 3, 1
2645582,9, 628873,3, 2645582,2, 628874,03, 8421504, 3, 1
2641847,2, 627486, 2641846,5, 627485,29, 8421504, 3, 1
2643026,1, 625561,72, 2643025,3, 625561,18, 8421504, 3, 1
2647425,7, 635166,91, 2647425,2, 635166,03, 8421504, 3, 1
2639070,1, 624363,43, 2639071,1, 624363,41, 8421504, 3, 1
2641193,3, 624753,07, 2641192,9, 624753,99, 8421504, 3, 1
2640686,7, 629642,49, 2640685,8, 629642,81, 8421504, 3, 1
2640870,5, 631945,61, 2640869,6, 631946,13, 8421504, 3, 1
2641946,4, 634050,83, 2641945,7, 634050,16, 8421504, 3, 1
2639884,3, 625967,51, 2639883,5, 625967,03, 8421504, 3, 1
2641609,1, 629698,81, 2641608,9, 629697,84, 8421504, 3, 1
2645339,5, 626375,5, 2645338,6, 626375,86, 8421504, 3, 1
2642989,9, 634256,5, 2642990,5, 634257,32, 8421504, 3, 1
2644373,8, 626860,73, 2644374,1, 626859,77, 8421504, 3, 1
2640566,8, 630027, 2640566, 630027,61, 8421504, 3, 1
2644457,6, 633566,04, 2644458,5, 633566,38, 8421504, 3, 1
2641626,7, 632018,95, 2641627, 632019,88, 8421504, 3, 1
2643522,6, 627786,84, 2643522,4, 627787,82, 8421504, 3, 1
2645297, 633511,48, 2645297, 633510,48, 8421504, 3, 1
2642540,1, 625610,85, 2642539,3, 625610,33, 8421504, 3, 1
2642331,9, 628402,02, 2642331,1, 628402,69, 8421504, 3, 1
2641230,4, 629904,46, 2641231,3, 629904,93, 8421504, 3, 1
2648850, 627297,67, 2648849,3, 627298,43, 8421504, 3, 1
2642595,6, 625025,31, 2642595,8, 625026,28, 8421504, 3, 1
2645881, 635647,71, 2645881,6, 635648,48, 8421504, 3, 1
2648021,5, 626604,13, 2648022,1, 626604,92, 8421504, 3, 1
2646589,6, 635472,35, 2646588,6, 635472,34, 8421504, 3, 1
2639487,5, 624408,89, 2639488,1, 624409,69, 8421504, 3, 1
2644008,7, 626736,16, 2644008, 626735,47, 8421504, 3, 1
2648732,2, 630168,57, 2648731,3, 630168,99, 8421504, 3, 1
2646423,8, 626413,61, 2646424,4, 626412,85, 8421504, 3, 1
2641816,2, 629512,39, 2641815,5, 629511,74, 8421504, 3, 1
2644277, 625605,62, 2644276,1, 625605,08, 8421504, 3, 1
2642463,6, 630274,19, 2642464,6, 630274,34, 8421504, 3, 1
2645148,6, 625516,22, 2645149,2, 625515,38, 8421504, 3, 1
2645088,7, 626181,32, 2645087,7, 626181,51, 8421504, 3, 1
2638440,9, 624861,05, 2638441,7, 624861,54, 8421504, 3, 1
2647493,9, 627551,11, 2647493,5, 627551,99, 8421504, 3, 1
2642075,6, 635368,54, 2642076,5, 635368,71, 8421504, 3, 1
2646747,4, 626353,89, 2646748,4, 626353,71, 8421504, 3, 1
2639613, 625202,71, 2639614, 625202,6, 8421504, 3, 1
2642255,4, 635596,39, 2642255, 635597,3, 8421504, 3, 1
2644193, 629889,01, 2644192,2, 629889,63, 8421504, 3, 1
2646273,1, 635353,61, 2646273,7, 635352,82, 8421504, 3, 1
2640949,6, 624612,94, 2640950,4, 624613,49, 8421504, 3, 1
2643494,8, 630360,66, 2643493,8, 630360,66, 8421504, 3, 1
2647346,7, 626824,72, 2647346,6, 626823,73, 8421504, 3, 1
2639840,1, 626441,08, 2639839,2, 626441,43, 8421504, 3, 1
2644819,5, 626222,85, 2644820,5, 626222,59, 8421504, 3, 1
2640795,5, 624972,62, 2640796,4, 624972,21, 8421504, 3, 1
2645978,6, 633716,02, 2645979,2, 633716,85, 8421504, 3, 1
2640089,3, 625958,6, 2640090,3, 625958,62, 8421504, 3, 1
2643492,8, 625237,03, 2643493,8, 625236,96, 8421504, 3, 1
2645343,6, 628462,68, 2645344,5, 628462,22, 8421504, 3, 1
2641050,9, 624761,93, 2641050,4, 624761,03, 8421504, 3, 1
2644172,5, 626530,74, 2644173,1, 626531,57, 8421504, 3, 1
2644458,6, 628518,12, 2644458,5, 628517,14, 8421504, 3, 1
2639669,5, 625732,71, 2639669,2, 625733,66, 8421504, 3, 1
2644016,8, 629506,31, 2644017,7, 629505,97, 8421504, 3, 1
2643913,7, 628368,3, 2643914,4, 628369,02, 8421504, 3, 1
2638944,7, 624741,94, 2638943,7, 624741,61, 8421504, 3, 1
2642511,1, 634501,52, 2642512,1, 634501,61, 8421504, 3, 1
2641686,5, 630283,8, 2641685,5, 630283,68, 8421504, 3, 1
2646467,3, 625262,39, 2646467,7, 625263,32, 8421504, 3, 1
2642799,4, 633768,84, 2642800,4, 633768,99, 8421504, 3, 1
2642127,5, 626949,46, 2642127,6, 626950,46, 8421504, 3, 1
2643286,9, 628090,58, 2643286,5, 628091,49, 8421504, 3, 1
2640631,7, 629804,98, 2640632,4, 629804,23, 8421504, 3, 1
2644121,1, 627010,4, 2644120,3, 627010,97, 8421504, 3, 1
2644878,3, 633948,49, 2644879, 633947,84, 8421504, 3, 1
2650191,5, 626963,5, 2650192,3, 626962,79, 8421504, 3, 1
2645053, 633602,49, 2645052,9, 633603,47, 8421504, 3, 1
2641096,1, 627289,05, 2641095,6, 627289,91, 8421504, 3, 1
2645831,6, 626131,9, 2645832,6, 626132, 8421504, 3, 1
2644806,5, 626833,45, 2644805,6, 626833,09, 8421504, 3, 1
2647124,3, 634730,71, 2647123,3, 634730,47, 8421504, 3, 1
2642782,1, 624484,94, 2642781,2, 624484,39, 8421504, 3, 1
2641233,5, 627232,97, 2641232,5, 627232,92, 8421504, 3, 1
2646186,6, 635697,56, 2646187,5, 635697,15, 8421504, 3, 1
2649486, 626669,58, 2649486,2, 626668,6, 8421504, 3, 1
2646023,7, 635111,1, 2646024,7, 635111,27, 8421504, 3, 1
2642747, 633345,55, 2642748, 633345,43, 8421504, 3, 1
2644562,4, 626906,37, 2644563,3, 626906,67, 8421504, 3, 1
2646936,3, 630304,92, 2646936,1, 630305,9, 8421504, 3, 1
2647841,5, 635151,75, 2647841,7, 635152,73, 8421504, 3, 1
2637983,3, 624413,53, 2637984,3, 624413,37, 8421504, 3, 1
2651057,9, 626160,41, 2651057,1, 626160,97, 8421504, 3, 1
2646643,2, 625291,09, 2646644, 625290,45, 8421504, 3, 1
2645320,2, 625861,08, 2645319,2, 625860,95, 8421504, 3, 1
2639265,9, 624909,06, 2639265,8, 624908,06, 8421504, 3, 1
2641395,2, 632197,63, 2641395, 632198,62, 8421504, 3, 1
2645627,8, 632819,48, 2645626,8, 632819,27, 8421504, 3, 1
2647116,2, 628198,33, 2647115,2, 628198,72, 8421504, 3, 1
2642345,4, 635870,4, 2642345,5, 635869,4, 8421504, 3, 1
2644382,5, 630329,55, 2644382,5, 630330,55, 8421504, 3, 1
2648729,1, 635049,81, 2648729, 635050,81, 8421504, 3, 1
2640304, 625712,58, 2640303,5, 625713,42, 8421504, 3, 1
2641996,5, 633526,16, 2641997,5, 633525,76, 8421504, 3, 1
2645228,7, 625987,84, 2645228, 625988,52, 8421504, 3, 1
2642757,5, 626146,2, 2642756,7, 626146,82, 8421504, 3, 1
2640025,3, 625432,15, 2640024,3, 625431,95, 8421504, 3, 1
2646899,8, 625655,21, 2646899,8, 625654,21, 8421504, 3, 1
2643702,5, 625372,05, 2643701,9, 625371,23, 8421504, 3, 1
2643376,9, 633991,58, 2643376,1, 633990,96, 8421504, 3, 1
2646849,2, 635483,74, 2646849,7, 635484,62, 8421504, 3, 1
2640584,8, 625223,09, 2640585,2, 625222,14, 8421504, 3, 1
2639839,4, 625496,16, 2639839,4, 625495,16, 8421504, 3, 1
2649636, 626346,87, 2649635,1, 626346,32, 8421504, 3, 1
2641910,3, 627811,02, 2641909,8, 627810,15, 8421504, 3, 1
2642259,8, 634453,29, 2642260, 634454,26, 8421504, 3, 1
2644140,5, 628625,33, 2644141,5, 628625,43, 8421504, 3, 1
2641308, 627517,14, 2641307, 627517,1, 8421504, 3, 1
2641409,9, 629992,69, 2641410,2, 629991,74, 8421504, 3, 1
2643966,6, 633470,01, 2643967, 633470,9, 8421504, 3, 1
2643258,1, 629878,32, 2643257,2, 629878,8, 8421504, 3, 1
2644174, 629190,72, 2644173, 629190,75, 8421504, 3, 1
2642692,8, 627292,39, 2642692,5, 627293,33, 8421504, 3, 1
2644050,4, 628122,03, 2644049,7, 628121,28, 8421504, 3, 1
2641413,3, 629655,31, 2641412,5, 629654,62, 8421504, 3, 1
2645158, 633316,05, 2645157,1, 633315,6, 8421504, 3, 1
2642449,4, 630120,98, 2642448,4, 630121,14, 8421504, 3, 1
2648124,3, 630261,33, 2648125,2, 630260,97, 8421504, 3, 1
2643659,5, 628113,21, 2643660,3, 628113,7, 8421504, 3, 1
2645175,4, 626787,09, 2645176,1, 626787,86, 8421504, 3, 1
2642268,3, 630380,44, 2642267,8, 630381,33, 8421504, 3, 1
2638716,7, 624499,46, 2638717,7, 624499,19, 8421504, 3, 1
2643112,3, 629952,8, 2643113, 629953,45, 8421504, 3, 1
2639054, 624857,89, 2639054,8, 624857,29, 8421504, 3, 1
2645676, 631763,9, 2645675,9, 631764,89, 8421504, 3, 1
2649983,4, 626614,99, 2649983,1, 626614,07, 8421504, 3, 1
2647470,4, 634902,43, 2647471, 634903,26, 8421504, 3, 1
2638385,2, 624676,51, 2638385,1, 624675,51, 8421504, 3, 1
2644696,5, 626721,05, 2644695,8, 626721,74, 8421504, 3, 1
2648797,3, 626774,24, 2648798,1, 626773,63, 8421504, 3, 1
2647022,1, 635452,04, 2647022,8, 635452,7, 8421504, 3, 1
2644067,9, 625009,31, 2644068,3, 625008,39, 8421504, 3, 1
2639168,7, 624511,49, 2639168,2, 624510,66, 8421504, 3, 1
2652264,3, 624860,79, 2652265,3, 624860,68, 8421504, 3, 1
2645453,7, 625651,43, 2645452,7, 625651,15, 8421504, 3, 1
2641603, 631318,12, 2641602,2, 631317,51, 8421504, 3, 1
2646932,8, 628191,39, 2646931,8, 628191,28, 8421504, 3, 1
2645417,5, 630857,37, 2645416,6, 630857,76, 8421504, 3, 1
2645525,5, 626560,38, 2645526,5, 626560,16, 8421504, 3, 1
2639733,2, 625477,26, 2639733,3, 625476,26, 8421504, 3, 1
2643029,1, 635668,74, 2643029, 635669,73, 8421504, 3, 1
2643539,5, 629684,5, 2643540,2, 629683,81, 8421504, 3, 1
2645571,9, 635691,56, 2645570,9, 635691,8, 8421504, 3, 1
2648374,5, 626817,45, 2648374, 626818,32, 8421504, 3, 1
2640949,6, 630130,56, 2640950,5, 630130,01, 8421504, 3, 1
2639770,6, 626157,27, 2639769,6, 626156,94, 8421504, 3, 1
2645136,9, 635304,01, 2645137,2, 635304,97, 8421504, 3, 1
2642675,7, 630167,22, 2642675,9, 630166,24, 8421504, 3, 1
2644280,4, 635974,04, 2644280, 635973,12, 8421504, 3, 1
2645526,4, 625990,25, 2645525,7, 625990,99, 8421504, 3, 1
2640092,9, 625801,83, 2640092,6, 625800,89, 8421504, 3, 1
2647744,3, 630473,67, 2647744,7, 630474,58, 8421504, 3, 1
2643133,7, 633826,41, 2643134,3, 633825,67, 8421504, 3, 1
2644798,7, 626585,29, 2644798,5, 626586,26, 8421504, 3, 1
2642039,2, 629666,95, 2642039,4, 629667,93, 8421504, 3, 1
2639926,3, 625661,15, 2639925,6, 625661,85, 8421504, 3, 1
2643154, 627535,88, 2643153,2, 627536,47, 8421504, 3, 1
2649457,9, 635156,06, 2649458,4, 635155,22, 8421504, 3, 1
2642285,3, 629214,28, 2642284,7, 629213,49, 8421504, 3, 1
2643504,5, 628075,83, 2643503,5, 628075,65, 8421504, 3, 1
2642948,2, 628958,74, 2642948,9, 628958, 8421504, 3, 1
2641312,8, 627709,21, 2641313,2, 627708,3, 8421504, 3, 1
2642155,1, 634872,58, 2642154,8, 634871,63, 8421504, 3, 1
2643852,6, 630036,66, 2643852, 630035,84, 8421504, 3, 1
2643226,7, 628773,5, 2643225,9, 628772,87, 8421504, 3, 1
2639553,7, 624915,26, 2639554,7, 624915,32, 8421504, 3, 1
2644504,4, 628192,53, 2644504,4, 628193,53, 8421504, 3, 1
2645560,8, 633731,23, 2645561,7, 633731,24, 8421504, 3, 1
2643826,8, 628793,77, 2643826,2, 628792,94, 8421504, 3, 1
2643113,9, 626880,81, 2643114,9, 626880,62, 8421504, 3, 1
2641267,8, 630435,35, 2641267,1, 630436,07, 8421504, 3, 1
2644435,6, 626289,71, 2644435,5, 626290,7, 8421504, 3, 1
2641457,3, 627474,75, 2641456,6, 627474,12, 8421504, 3, 1
2642800,6, 624781,41, 2642800,3, 624782,35, 8421504, 3, 1
2640539,3, 630481,46, 2640538,4, 630481,86, 8421504, 3, 1
2645096,2, 630529,28, 2645097,1, 630529, 8421504, 3, 1
2649252,6, 627539,36, 2649251,8, 627539,99, 8421504, 3, 1
2642279,1, 626083,28, 2642278,9, 626084,25, 8421504, 3, 1
2639468,1, 625315,25, 2639467,9, 625316,24, 8421504, 3, 1
2639503,4, 624268,72, 2639502,4, 624268,69, 8421504, 3, 1
2646477,2, 631937,47, 2646476,2, 631937,67, 8421504, 3, 1
2651876,8, 624914,96, 2651876,3, 624915,84, 8421504, 3, 1
2648200,2, 635001,72, 2648201,1, 635001,28, 8421504, 3, 1
2642058,3, 630484,5, 2642059,2, 630483,94, 8421504, 3, 1
2644810,4, 625501,2, 2644809,6, 625501,81, 8421504, 3, 1
2641153,3, 627810,7, 2641152,3, 627810,47, 8421504, 3, 1
2646485, 635545,55, 2646485, 635546,55, 8421504, 3, 1
2643244,5, 625454,83, 2643245,4, 625455,22, 8421504, 3, 1
2643332, 630646,77, 2643331,3, 630646,1, 8421504, 3, 1
2645621,7, 625544,97, 2645622,5, 625545,51, 8421504, 3, 1
2639623,6, 624797,25, 2639624,3, 624797,95, 8421504, 3, 1
2641393, 632512,04, 2641394, 632512,22, 8421504, 3, 1
2644613,1, 631855,07, 2644612,5, 631854,27, 8421504, 3, 1
2645695,7, 626381,65, 2645694,7, 626381,48, 8421504, 3, 1
2639915,8, 630413,33, 2639914,9, 630412,86, 8421504, 3, 1
2645015,4, 625531,18, 2645016,2, 625530,62, 8421504, 3, 1
2645971,7, 626547,64, 2645971,1, 626546,85, 8421504, 3, 1
2645609, 633396,06, 2645608,7, 633397,03, 8421504, 3, 1
2648021,5, 626840,47, 2648020,5, 626840,42, 8421504, 3, 1
2640903,3, 629851,82, 2640903, 629850,89, 8421504, 3, 1
2643491, 630563,29, 2643490, 630563,28, 8421504, 3, 1
2643851, 630603,32, 2643851,7, 630602,55, 8421504, 3, 1
2643979,6, 625672,55, 2643979, 625673,34, 8421504, 3, 1
2641953,5, 633758,78, 2641953,2, 633757,83, 8421504, 3, 1
2645972,4, 626195,56, 2645973,1, 626196,22, 8421504, 3, 1
2643165,4, 631026,01, 2643164,5, 631025,49, 8421504, 3, 1
2641168,7, 625150,36, 2641169,4, 625151, 8421504, 3, 1
2644035,5, 629951,78, 2644034,8, 629951,07, 8421504, 3, 1
2645374,7, 632861,08, 2645374,4, 632862,05, 8421504, 3, 1
2644405,9, 626437,69, 2644405,3, 626438,5, 8421504, 3, 1
2641737,9, 625363,37, 2641738,8, 625362,86, 8421504, 3, 1
2644958,9, 633111,37, 2644958,7, 633110,38, 8421504, 3, 1
2641870,8, 627837,12, 2641871,8, 627837,24, 8421504, 3, 1
2640194,1, 625382,83, 2640194, 625383,82, 8421504, 3, 1
2643048,7, 630779,46, 2643049,6, 630778,99, 8421504, 3, 1
2645036, 629399,15, 2645036, 629400,14, 8421504, 3, 1
2642843,4, 628164,71, 2642843, 628165,62, 8421504, 3, 1
2643816,5, 628633,1, 2643816, 628634, 8421504, 3, 1
2642969,1, 630020,02, 2642968,3, 630020,72, 8421504, 3, 1
2644527,1, 630648,93, 2644526,6, 630649,79, 8421504, 3, 1
2641595,9, 630085,47, 2641595,7, 630084,49, 8421504, 3, 1
2642034,2, 630294,57, 2642033,2, 630294,28, 8421504, 3, 1
2645159,4, 626558,91, 2645160,1, 626558,24, 8421504, 3, 1
2649103,5, 634967,31, 2649104,5, 634967,08, 8421504, 3, 1
2641096,1, 627289,05, 2641095,2, 627288,56, 8421504, 3, 1
2643850,6, 629123,34, 2643850,6, 629124,34, 8421504, 3, 1
2643260, 627285,2, 2643260,7, 627284,51, 8421504, 3, 1
2642982,1, 624992,95, 2642982,6, 624993,79, 8421504, 3, 1
2646570,3, 626471,94, 2646570,5, 626472,92, 8421504, 3, 1
2647750,1, 626864,31, 2647749,7, 626865,25, 8421504, 3, 1
2642268,3, 630380,44, 2642267,7, 630379,59, 8421504, 3, 1
2641457,3, 627474,75, 2641456,5, 627474,27, 8421504, 3, 1
2641887,7, 628580,45, 2641888,4, 628581,16, 8421504, 3, 1
2644798,7, 626585,29, 2644798,3, 626586,21, 8421504, 3, 1
2645327,3, 625850,86, 2645326,3, 625850,6, 8421504, 3, 1
2643659,5, 628113,21, 2643659,6, 628112,21, 8421504, 3, 1
2642522,4, 628811,25, 2642523,2, 628811,75, 8421504, 3, 1
2644959,4, 631590,52, 2644959,9, 631591,36, 8421504, 3, 1
2646309, 634011,95, 2646309,9, 634012,5, 8421504, 3, 1
2643792,8, 626675,31, 2643792,2, 626674,5, 8421504, 3, 1
